chromosome,arm,gene_id_a,gene_id_b,orf_id_a,orf_id_b,gene_name_a,gene_name_b,distance
1,right,S000000063,S000000063,YAR002W,YAR002W,NUP60,NUP60,0
1,right,S000000063,S000002129,YAR002W,YAR002C-A,NUP60,ERP1,189
1,right,S000000063,S000000064,YAR002W,YAR003W,NUP60,SWD1,1129
1,right,S000000063,S000000065,YAR002W,YAR007C,NUP60,RFA1,2878
1,right,S000000063,S000000066,YAR002W,YAR008W,NUP60,SEN34,5090
1,right,S000000063,S000000069,YAR002W,YAR014C,NUP60,BUD14,12866
1,right,S000000063,S000000070,YAR002W,YAR015W,NUP60,ADE1,15499
1,right,S000000063,S000000071,YAR002W,YAR018C,NUP60,KIN3,16520
1,right,S000000063,S000028735,YAR002W,YAR019W-A,NUP60,YAR019W-A,21122
1,right,S000000063,S000000072,YAR002W,YAR019C,NUP60,CDC15,18335
1,right,S000000063,S000000073,YAR002W,YAR020C,NUP60,PAU7,22980
1,right,S000000063,S000000074,YAR002W,YAR023C,NUP60,YAR023C,25405
1,right,S000000063,S000000075,YAR002W,YAR027W,NUP60,UIP3,29894
1,right,S000000063,S000000076,YAR002W,YAR028W,NUP60,YAR028W,31016
1,right,S000000063,S000000077,YAR002W,YAR029W,NUP60,YAR029W,32445
1,right,S000000063,S000000078,YAR002W,YAR031W,NUP60,PRM9,32960
1,right,S000000063,S000001821,YAR002W,YAR030C,NUP60,YAR030C,32636
1,right,S000000063,S000000079,YAR002W,YAR033W,NUP60,MST28,34231
1,right,S000000063,S000000080,YAR002W,YAR035W,NUP60,YAT1,36317
1,right,S000000063,S000028595,YAR002W,YAR035C-A,NUP60,YAR035C-A,38461
1,right,S000000063,S000000081,YAR002W,YAR042W,NUP60,SWH1,38743
1,right,S000000063,S000000083,YAR002W,YAR047C,NUP60,YAR047C,47591
1,right,S000000063,S000000084,YAR002W,YAR050W,NUP60,FLO1,49527
1,right,S000000063,S000000085,YAR002W,YAR053W,NUP60,YAR053W,54491
1,right,S000000063,S000000086,YAR002W,YAR060C,NUP60,YAR060C,63281
1,right,S000000063,S000000089,YAR002W,YAR064W,NUP60,YAR064W,66322
1,right,S000000063,S000002144,YAR002W,YAR066W,NUP60,YAR066W,67173
1,right,S000000063,S000000091,YAR002W,YAR068W,NUP60,YAR068W,68530
1,right,S000000063,S000000092,YAR002W,YAR069C,NUP60,YAR069C,70135
1,right,S000000063,S000000093,YAR002W,YAR070C,NUP60,YAR070C,70687
1,right,S000000063,S000000094,YAR002W,YAR071W,NUP60,PHO11,71584
1,right,S000000063,S000000095,YAR002W,YAR073W,NUP60,IMD1,73866
1,right,S000000063,S000002145,YAR002W,YAR075W,NUP60,YAR075W,74968
1,right,S000002129,S000000063,YAR002C-A,YAR002W,ERP1,NUP60,189
1,right,S000002129,S000002129,YAR002C-A,YAR002C-A,ERP1,ERP1,0
1,right,S000002129,S000000064,YAR002C-A,YAR003W,ERP1,SWD1,281
1,right,S000002129,S000000065,YAR002C-A,YAR007C,ERP1,RFA1,2030
1,right,S000002129,S000000066,YAR002C-A,YAR008W,ERP1,SEN34,4242
1,right,S000002129,S000000069,YAR002C-A,YAR014C,ERP1,BUD14,12018
1,right,S000002129,S000000070,YAR002C-A,YAR015W,ERP1,ADE1,14651
1,right,S000002129,S000000071,YAR002C-A,YAR018C,ERP1,KIN3,15672
1,right,S000002129,S000028735,YAR002C-A,YAR019W-A,ERP1,YAR019W-A,20274
1,right,S000002129,S000000072,YAR002C-A,YAR019C,ERP1,CDC15,17487
1,right,S000002129,S000000073,YAR002C-A,YAR020C,ERP1,PAU7,22132
1,right,S000002129,S000000074,YAR002C-A,YAR023C,ERP1,YAR023C,24557
1,right,S000002129,S000000075,YAR002C-A,YAR027W,ERP1,UIP3,29046
1,right,S000002129,S000000076,YAR002C-A,YAR028W,ERP1,YAR028W,30168
1,right,S000002129,S000000077,YAR002C-A,YAR029W,ERP1,YAR029W,31597
1,right,S000002129,S000000078,YAR002C-A,YAR031W,ERP1,PRM9,32112
1,right,S000002129,S000001821,YAR002C-A,YAR030C,ERP1,YAR030C,31788
1,right,S000002129,S000000079,YAR002C-A,YAR033W,ERP1,MST28,33383
1,right,S000002129,S000000080,YAR002C-A,YAR035W,ERP1,YAT1,35469
1,right,S000002129,S000028595,YAR002C-A,YAR035C-A,ERP1,YAR035C-A,37613
1,right,S000002129,S000000081,YAR002C-A,YAR042W,ERP1,SWH1,37895
1,right,S000002129,S000000083,YAR002C-A,YAR047C,ERP1,YAR047C,46743
1,right,S000002129,S000000084,YAR002C-A,YAR050W,ERP1,FLO1,48679
1,right,S000002129,S000000085,YAR002C-A,YAR053W,ERP1,YAR053W,53643
1,right,S000002129,S000000086,YAR002C-A,YAR060C,ERP1,YAR060C,62433
1,right,S000002129,S000000089,YAR002C-A,YAR064W,ERP1,YAR064W,65474
1,right,S000002129,S000002144,YAR002C-A,YAR066W,ERP1,YAR066W,66325
1,right,S000002129,S000000091,YAR002C-A,YAR068W,ERP1,YAR068W,67682
1,right,S000002129,S000000092,YAR002C-A,YAR069C,ERP1,YAR069C,69287
1,right,S000002129,S000000093,YAR002C-A,YAR070C,ERP1,YAR070C,69839
1,right,S000002129,S000000094,YAR002C-A,YAR071W,ERP1,PHO11,70736
1,right,S000002129,S000000095,YAR002C-A,YAR073W,ERP1,IMD1,73018
1,right,S000002129,S000002145,YAR002C-A,YAR075W,ERP1,YAR075W,74120
1,right,S000000064,S000000063,YAR003W,YAR002W,SWD1,NUP60,1129
1,right,S000000064,S000002129,YAR003W,YAR002C-A,SWD1,ERP1,281
1,right,S000000064,S000000064,YAR003W,YAR003W,SWD1,SWD1,0
1,right,S000000064,S000000065,YAR003W,YAR007C,SWD1,RFA1,469
1,right,S000000064,S000000066,YAR003W,YAR008W,SWD1,SEN34,2681
1,right,S000000064,S000000069,YAR003W,YAR014C,SWD1,BUD14,10457
1,right,S000000064,S000000070,YAR003W,YAR015W,SWD1,ADE1,13090
1,right,S000000064,S000000071,YAR003W,YAR018C,SWD1,KIN3,14111
1,right,S000000064,S000028735,YAR003W,YAR019W-A,SWD1,YAR019W-A,18713
1,right,S000000064,S000000072,YAR003W,YAR019C,SWD1,CDC15,15926
1,right,S000000064,S000000073,YAR003W,YAR020C,SWD1,PAU7,20571
1,right,S000000064,S000000074,YAR003W,YAR023C,SWD1,YAR023C,22996
1,right,S000000064,S000000075,YAR003W,YAR027W,SWD1,UIP3,27485
1,right,S000000064,S000000076,YAR003W,YAR028W,SWD1,YAR028W,28607
1,right,S000000064,S000000077,YAR003W,YAR029W,SWD1,YAR029W,30036
1,right,S000000064,S000000078,YAR003W,YAR031W,SWD1,PRM9,30551
1,right,S000000064,S000001821,YAR003W,YAR030C,SWD1,YAR030C,30227
1,right,S000000064,S000000079,YAR003W,YAR033W,SWD1,MST28,31822
1,right,S000000064,S000000080,YAR003W,YAR035W,SWD1,YAT1,33908
1,right,S000000064,S000028595,YAR003W,YAR035C-A,SWD1,YAR035C-A,36052
1,right,S000000064,S000000081,YAR003W,YAR042W,SWD1,SWH1,36334
1,right,S000000064,S000000083,YAR003W,YAR047C,SWD1,YAR047C,45182
1,right,S000000064,S000000084,YAR003W,YAR050W,SWD1,FLO1,47118
1,right,S000000064,S000000085,YAR003W,YAR053W,SWD1,YAR053W,52082
1,right,S000000064,S000000086,YAR003W,YAR060C,SWD1,YAR060C,60872
1,right,S000000064,S000000089,YAR003W,YAR064W,SWD1,YAR064W,63913
1,right,S000000064,S000002144,YAR003W,YAR066W,SWD1,YAR066W,64764
1,right,S000000064,S000000091,YAR003W,YAR068W,SWD1,YAR068W,66121
1,right,S000000064,S000000092,YAR003W,YAR069C,SWD1,YAR069C,67726
1,right,S000000064,S000000093,YAR003W,YAR070C,SWD1,YAR070C,68278
1,right,S000000064,S000000094,YAR003W,YAR071W,SWD1,PHO11,69175
1,right,S000000064,S000000095,YAR003W,YAR073W,SWD1,IMD1,71457
1,right,S000000064,S000002145,YAR003W,YAR075W,SWD1,YAR075W,72559
1,right,S000000065,S000000063,YAR007C,YAR002W,RFA1,NUP60,2878
1,right,S000000065,S000002129,YAR007C,YAR002C-A,RFA1,ERP1,2030
1,right,S000000065,S000000064,YAR007C,YAR003W,RFA1,SWD1,469
1,right,S000000065,S000000065,YAR007C,YAR007C,RFA1,RFA1,0
1,right,S000000065,S000000066,YAR007C,YAR008W,RFA1,SEN34,347
1,right,S000000065,S000000069,YAR007C,YAR014C,RFA1,BUD14,8123
1,right,S000000065,S000000070,YAR007C,YAR015W,RFA1,ADE1,10756
1,right,S000000065,S000000071,YAR007C,YAR018C,RFA1,KIN3,11777
1,right,S000000065,S000028735,YAR007C,YAR019W-A,RFA1,YAR019W-A,16379
1,right,S000000065,S000000072,YAR007C,YAR019C,RFA1,CDC15,13592
1,right,S000000065,S000000073,YAR007C,YAR020C,RFA1,PAU7,18237
1,right,S000000065,S000000074,YAR007C,YAR023C,RFA1,YAR023C,20662
1,right,S000000065,S000000075,YAR007C,YAR027W,RFA1,UIP3,25151
1,right,S000000065,S000000076,YAR007C,YAR028W,RFA1,YAR028W,26273
1,right,S000000065,S000000077,YAR007C,YAR029W,RFA1,YAR029W,27702
1,right,S000000065,S000000078,YAR007C,YAR031W,RFA1,PRM9,28217
1,right,S000000065,S000001821,YAR007C,YAR030C,RFA1,YAR030C,27893
1,right,S000000065,S000000079,YAR007C,YAR033W,RFA1,MST28,29488
1,right,S000000065,S000000080,YAR007C,YAR035W,RFA1,YAT1,31574
1,right,S000000065,S000028595,YAR007C,YAR035C-A,RFA1,YAR035C-A,33718
1,right,S000000065,S000000081,YAR007C,YAR042W,RFA1,SWH1,34000
1,right,S000000065,S000000083,YAR007C,YAR047C,RFA1,YAR047C,42848
1,right,S000000065,S000000084,YAR007C,YAR050W,RFA1,FLO1,44784
1,right,S000000065,S000000085,YAR007C,YAR053W,RFA1,YAR053W,49748
1,right,S000000065,S000000086,YAR007C,YAR060C,RFA1,YAR060C,58538
1,right,S000000065,S000000089,YAR007C,YAR064W,RFA1,YAR064W,61579
1,right,S000000065,S000002144,YAR007C,YAR066W,RFA1,YAR066W,62430
1,right,S000000065,S000000091,YAR007C,YAR068W,RFA1,YAR068W,63787
1,right,S000000065,S000000092,YAR007C,YAR069C,RFA1,YAR069C,65392
1,right,S000000065,S000000093,YAR007C,YAR070C,RFA1,YAR070C,65944
1,right,S000000065,S000000094,YAR007C,YAR071W,RFA1,PHO11,66841
1,right,S000000065,S000000095,YAR007C,YAR073W,RFA1,IMD1,69123
1,right,S000000065,S000002145,YAR007C,YAR075W,RFA1,YAR075W,70225
1,right,S000000066,S000000063,YAR008W,YAR002W,SEN34,NUP60,5090
1,right,S000000066,S000002129,YAR008W,YAR002C-A,SEN34,ERP1,4242
1,right,S000000066,S000000064,YAR008W,YAR003W,SEN34,SWD1,2681
1,right,S000000066,S000000065,YAR008W,YAR007C,SEN34,RFA1,347
1,right,S000000066,S000000066,YAR008W,YAR008W,SEN34,SEN34,0
1,right,S000000066,S000000069,YAR008W,YAR014C,SEN34,BUD14,6949
1,right,S000000066,S000000070,YAR008W,YAR015W,SEN34,ADE1,9582
1,right,S000000066,S000000071,YAR008W,YAR018C,SEN34,KIN3,10603
1,right,S000000066,S000028735,YAR008W,YAR019W-A,SEN34,YAR019W-A,15205
1,right,S000000066,S000000072,YAR008W,YAR019C,SEN34,CDC15,12418
1,right,S000000066,S000000073,YAR008W,YAR020C,SEN34,PAU7,17063
1,right,S000000066,S000000074,YAR008W,YAR023C,SEN34,YAR023C,19488
1,right,S000000066,S000000075,YAR008W,YAR027W,SEN34,UIP3,23977
1,right,S000000066,S000000076,YAR008W,YAR028W,SEN34,YAR028W,25099
1,right,S000000066,S000000077,YAR008W,YAR029W,SEN34,YAR029W,26528
1,right,S000000066,S000000078,YAR008W,YAR031W,SEN34,PRM9,27043
1,right,S000000066,S000001821,YAR008W,YAR030C,SEN34,YAR030C,26719
1,right,S000000066,S000000079,YAR008W,YAR033W,SEN34,MST28,28314
1,right,S000000066,S000000080,YAR008W,YAR035W,SEN34,YAT1,30400
1,right,S000000066,S000028595,YAR008W,YAR035C-A,SEN34,YAR035C-A,32544
1,right,S000000066,S000000081,YAR008W,YAR042W,SEN34,SWH1,32826
1,right,S000000066,S000000083,YAR008W,YAR047C,SEN34,YAR047C,41674
1,right,S000000066,S000000084,YAR008W,YAR050W,SEN34,FLO1,43610
1,right,S000000066,S000000085,YAR008W,YAR053W,SEN34,YAR053W,48574
1,right,S000000066,S000000086,YAR008W,YAR060C,SEN34,YAR060C,57364
1,right,S000000066,S000000089,YAR008W,YAR064W,SEN34,YAR064W,60405
1,right,S000000066,S000002144,YAR008W,YAR066W,SEN34,YAR066W,61256
1,right,S000000066,S000000091,YAR008W,YAR068W,SEN34,YAR068W,62613
1,right,S000000066,S000000092,YAR008W,YAR069C,SEN34,YAR069C,64218
1,right,S000000066,S000000093,YAR008W,YAR070C,SEN34,YAR070C,64770
1,right,S000000066,S000000094,YAR008W,YAR071W,SEN34,PHO11,65667
1,right,S000000066,S000000095,YAR008W,YAR073W,SEN34,IMD1,67949
1,right,S000000066,S000002145,YAR008W,YAR075W,SEN34,YAR075W,69051
1,right,S000000069,S000000063,YAR014C,YAR002W,BUD14,NUP60,12866
1,right,S000000069,S000002129,YAR014C,YAR002C-A,BUD14,ERP1,12018
1,right,S000000069,S000000064,YAR014C,YAR003W,BUD14,SWD1,10457
1,right,S000000069,S000000065,YAR014C,YAR007C,BUD14,RFA1,8123
1,right,S000000069,S000000066,YAR014C,YAR008W,BUD14,SEN34,6949
1,right,S000000069,S000000069,YAR014C,YAR014C,BUD14,BUD14,0
1,right,S000000069,S000000070,YAR014C,YAR015W,BUD14,ADE1,504
1,right,S000000069,S000000071,YAR014C,YAR018C,BUD14,KIN3,1525
1,right,S000000069,S000028735,YAR014C,YAR019W-A,BUD14,YAR019W-A,6127
1,right,S000000069,S000000072,YAR014C,YAR019C,BUD14,CDC15,3340
1,right,S000000069,S000000073,YAR014C,YAR020C,BUD14,PAU7,7985
1,right,S000000069,S000000074,YAR014C,YAR023C,BUD14,YAR023C,10410
1,right,S000000069,S000000075,YAR014C,YAR027W,BUD14,UIP3,14899
1,right,S000000069,S000000076,YAR014C,YAR028W,BUD14,YAR028W,16021
1,right,S000000069,S000000077,YAR014C,YAR029W,BUD14,YAR029W,17450
1,right,S000000069,S000000078,YAR014C,YAR031W,BUD14,PRM9,17965
1,right,S000000069,S000001821,YAR014C,YAR030C,BUD14,YAR030C,17641
1,right,S000000069,S000000079,YAR014C,YAR033W,BUD14,MST28,19236
1,right,S000000069,S000000080,YAR014C,YAR035W,BUD14,YAT1,21322
1,right,S000000069,S000028595,YAR014C,YAR035C-A,BUD14,YAR035C-A,23466
1,right,S000000069,S000000081,YAR014C,YAR042W,BUD14,SWH1,23748
1,right,S000000069,S000000083,YAR014C,YAR047C,BUD14,YAR047C,32596
1,right,S000000069,S000000084,YAR014C,YAR050W,BUD14,FLO1,34532
1,right,S000000069,S000000085,YAR014C,YAR053W,BUD14,YAR053W,39496
1,right,S000000069,S000000086,YAR014C,YAR060C,BUD14,YAR060C,48286
1,right,S000000069,S000000089,YAR014C,YAR064W,BUD14,YAR064W,51327
1,right,S000000069,S000002144,YAR014C,YAR066W,BUD14,YAR066W,52178
1,right,S000000069,S000000091,YAR014C,YAR068W,BUD14,YAR068W,53535
1,right,S000000069,S000000092,YAR014C,YAR069C,BUD14,YAR069C,55140
1,right,S000000069,S000000093,YAR014C,YAR070C,BUD14,YAR070C,55692
1,right,S000000069,S000000094,YAR014C,YAR071W,BUD14,PHO11,56589
1,right,S000000069,S000000095,YAR014C,YAR073W,BUD14,IMD1,58871
1,right,S000000069,S000002145,YAR014C,YAR075W,BUD14,YAR075W,59973
1,right,S000000070,S000000063,YAR015W,YAR002W,ADE1,NUP60,15499
1,right,S000000070,S000002129,YAR015W,YAR002C-A,ADE1,ERP1,14651
1,right,S000000070,S000000064,YAR015W,YAR003W,ADE1,SWD1,13090
1,right,S000000070,S000000065,YAR015W,YAR007C,ADE1,RFA1,10756
1,right,S000000070,S000000066,YAR015W,YAR008W,ADE1,SEN34,9582
1,right,S000000070,S000000069,YAR015W,YAR014C,ADE1,BUD14,504
1,right,S000000070,S000000070,YAR015W,YAR015W,ADE1,ADE1,0
1,right,S000000070,S000000071,YAR015W,YAR018C,ADE1,KIN3,101
1,right,S000000070,S000028735,YAR015W,YAR019W-A,ADE1,YAR019W-A,4703
1,right,S000000070,S000000072,YAR015W,YAR019C,ADE1,CDC15,1916
1,right,S000000070,S000000073,YAR015W,YAR020C,ADE1,PAU7,6561
1,right,S000000070,S000000074,YAR015W,YAR023C,ADE1,YAR023C,8986
1,right,S000000070,S000000075,YAR015W,YAR027W,ADE1,UIP3,13475
1,right,S000000070,S000000076,YAR015W,YAR028W,ADE1,YAR028W,14597
1,right,S000000070,S000000077,YAR015W,YAR029W,ADE1,YAR029W,16026
1,right,S000000070,S000000078,YAR015W,YAR031W,ADE1,PRM9,16541
1,right,S000000070,S000001821,YAR015W,YAR030C,ADE1,YAR030C,16217
1,right,S000000070,S000000079,YAR015W,YAR033W,ADE1,MST28,17812
1,right,S000000070,S000000080,YAR015W,YAR035W,ADE1,YAT1,19898
1,right,S000000070,S000028595,YAR015W,YAR035C-A,ADE1,YAR035C-A,22042
1,right,S000000070,S000000081,YAR015W,YAR042W,ADE1,SWH1,22324
1,right,S000000070,S000000083,YAR015W,YAR047C,ADE1,YAR047C,31172
1,right,S000000070,S000000084,YAR015W,YAR050W,ADE1,FLO1,33108
1,right,S000000070,S000000085,YAR015W,YAR053W,ADE1,YAR053W,38072
1,right,S000000070,S000000086,YAR015W,YAR060C,ADE1,YAR060C,46862
1,right,S000000070,S000000089,YAR015W,YAR064W,ADE1,YAR064W,49903
1,right,S000000070,S000002144,YAR015W,YAR066W,ADE1,YAR066W,50754
1,right,S000000070,S000000091,YAR015W,YAR068W,ADE1,YAR068W,52111
1,right,S000000070,S000000092,YAR015W,YAR069C,ADE1,YAR069C,53716
1,right,S000000070,S000000093,YAR015W,YAR070C,ADE1,YAR070C,54268
1,right,S000000070,S000000094,YAR015W,YAR071W,ADE1,PHO11,55165
1,right,S000000070,S000000095,YAR015W,YAR073W,ADE1,IMD1,57447
1,right,S000000070,S000002145,YAR015W,YAR075W,ADE1,YAR075W,58549
1,right,S000000071,S000000063,YAR018C,YAR002W,KIN3,NUP60,16520
1,right,S000000071,S000002129,YAR018C,YAR002C-A,KIN3,ERP1,15672
1,right,S000000071,S000000064,YAR018C,YAR003W,KIN3,SWD1,14111
1,right,S000000071,S000000065,YAR018C,YAR007C,KIN3,RFA1,11777
1,right,S000000071,S000000066,YAR018C,YAR008W,KIN3,SEN34,10603
1,right,S000000071,S000000069,YAR018C,YAR014C,KIN3,BUD14,1525
1,right,S000000071,S000000070,YAR018C,YAR015W,KIN3,ADE1,101
1,right,S000000071,S000000071,YAR018C,YAR018C,KIN3,KIN3,0
1,right,S000000071,S000028735,YAR018C,YAR019W-A,KIN3,YAR019W-A,3295
1,right,S000000071,S000000072,YAR018C,YAR019C,KIN3,CDC15,508
1,right,S000000071,S000000073,YAR018C,YAR020C,KIN3,PAU7,5153
1,right,S000000071,S000000074,YAR018C,YAR023C,KIN3,YAR023C,7578
1,right,S000000071,S000000075,YAR018C,YAR027W,KIN3,UIP3,12067
1,right,S000000071,S000000076,YAR018C,YAR028W,KIN3,YAR028W,13189
1,right,S000000071,S000000077,YAR018C,YAR029W,KIN3,YAR029W,14618
1,right,S000000071,S000000078,YAR018C,YAR031W,KIN3,PRM9,15133
1,right,S000000071,S000001821,YAR018C,YAR030C,KIN3,YAR030C,14809
1,right,S000000071,S000000079,YAR018C,YAR033W,KIN3,MST28,16404
1,right,S000000071,S000000080,YAR018C,YAR035W,KIN3,YAT1,18490
1,right,S000000071,S000028595,YAR018C,YAR035C-A,KIN3,YAR035C-A,20634
1,right,S000000071,S000000081,YAR018C,YAR042W,KIN3,SWH1,20916
1,right,S000000071,S000000083,YAR018C,YAR047C,KIN3,YAR047C,29764
1,right,S000000071,S000000084,YAR018C,YAR050W,KIN3,FLO1,31700
1,right,S000000071,S000000085,YAR018C,YAR053W,KIN3,YAR053W,36664
1,right,S000000071,S000000086,YAR018C,YAR060C,KIN3,YAR060C,45454
1,right,S000000071,S000000089,YAR018C,YAR064W,KIN3,YAR064W,48495
1,right,S000000071,S000002144,YAR018C,YAR066W,KIN3,YAR066W,49346
1,right,S000000071,S000000091,YAR018C,YAR068W,KIN3,YAR068W,50703
1,right,S000000071,S000000092,YAR018C,YAR069C,KIN3,YAR069C,52308
1,right,S000000071,S000000093,YAR018C,YAR070C,KIN3,YAR070C,52860
1,right,S000000071,S000000094,YAR018C,YAR071W,KIN3,PHO11,53757
1,right,S000000071,S000000095,YAR018C,YAR073W,KIN3,IMD1,56039
1,right,S000000071,S000002145,YAR018C,YAR075W,KIN3,YAR075W,57141
1,right,S000028735,S000000063,YAR019W-A,YAR002W,YAR019W-A,NUP60,21122
1,right,S000028735,S000002129,YAR019W-A,YAR002C-A,YAR019W-A,ERP1,20274
1,right,S000028735,S000000064,YAR019W-A,YAR003W,YAR019W-A,SWD1,18713
1,right,S000028735,S000000065,YAR019W-A,YAR007C,YAR019W-A,RFA1,16379
1,right,S000028735,S000000066,YAR019W-A,YAR008W,YAR019W-A,SEN34,15205
1,right,S000028735,S000000069,YAR019W-A,YAR014C,YAR019W-A,BUD14,6127
1,right,S000028735,S000000070,YAR019W-A,YAR015W,YAR019W-A,ADE1,4703
1,right,S000028735,S000000071,YAR019W-A,YAR018C,YAR019W-A,KIN3,3295
1,right,S000028735,S000028735,YAR019W-A,YAR019W-A,YAR019W-A,YAR019W-A,0
1,right,S000028735,S000000072,YAR019W-A,YAR019C,YAR019W-A,CDC15,0
1,right,S000028735,S000000073,YAR019W-A,YAR020C,YAR019W-A,PAU7,1526
1,right,S000028735,S000000074,YAR019W-A,YAR023C,YAR019W-A,YAR023C,3951
1,right,S000028735,S000000075,YAR019W-A,YAR027W,YAR019W-A,UIP3,8440
1,right,S000028735,S000000076,YAR019W-A,YAR028W,YAR019W-A,YAR028W,9562
1,right,S000028735,S000000077,YAR019W-A,YAR029W,YAR019W-A,YAR029W,10991
1,right,S000028735,S000000078,YAR019W-A,YAR031W,YAR019W-A,PRM9,11506
1,right,S000028735,S000001821,YAR019W-A,YAR030C,YAR019W-A,YAR030C,11182
1,right,S000028735,S000000079,YAR019W-A,YAR033W,YAR019W-A,MST28,12777
1,right,S000028735,S000000080,YAR019W-A,YAR035W,YAR019W-A,YAT1,14863
1,right,S000028735,S000028595,YAR019W-A,YAR035C-A,YAR019W-A,YAR035C-A,17007
1,right,S000028735,S000000081,YAR019W-A,YAR042W,YAR019W-A,SWH1,17289
1,right,S000028735,S000000083,YAR019W-A,YAR047C,YAR019W-A,YAR047C,26137
1,right,S000028735,S000000084,YAR019W-A,YAR050W,YAR019W-A,FLO1,28073
1,right,S000028735,S000000085,YAR019W-A,YAR053W,YAR019W-A,YAR053W,33037
1,right,S000028735,S000000086,YAR019W-A,YAR060C,YAR019W-A,YAR060C,41827
1,right,S000028735,S000000089,YAR019W-A,YAR064W,YAR019W-A,YAR064W,44868
1,right,S000028735,S000002144,YAR019W-A,YAR066W,YAR019W-A,YAR066W,45719
1,right,S000028735,S000000091,YAR019W-A,YAR068W,YAR019W-A,YAR068W,47076
1,right,S000028735,S000000092,YAR019W-A,YAR069C,YAR019W-A,YAR069C,48681
1,right,S000028735,S000000093,YAR019W-A,YAR070C,YAR019W-A,YAR070C,49233
1,right,S000028735,S000000094,YAR019W-A,YAR071W,YAR019W-A,PHO11,50130
1,right,S000028735,S000000095,YAR019W-A,YAR073W,YAR019W-A,IMD1,52412
1,right,S000028735,S000002145,YAR019W-A,YAR075W,YAR019W-A,YAR075W,53514
1,right,S000000072,S000000063,YAR019C,YAR002W,CDC15,NUP60,18335
1,right,S000000072,S000002129,YAR019C,YAR002C-A,CDC15,ERP1,17487
1,right,S000000072,S000000064,YAR019C,YAR003W,CDC15,SWD1,15926
1,right,S000000072,S000000065,YAR019C,YAR007C,CDC15,RFA1,13592
1,right,S000000072,S000000066,YAR019C,YAR008W,CDC15,SEN34,12418
1,right,S000000072,S000000069,YAR019C,YAR014C,CDC15,BUD14,3340
1,right,S000000072,S000000070,YAR019C,YAR015W,CDC15,ADE1,1916
1,right,S000000072,S000000071,YAR019C,YAR018C,CDC15,KIN3,508
1,right,S000000072,S000028735,YAR019C,YAR019W-A,CDC15,YAR019W-A,0
1,right,S000000072,S000000072,YAR019C,YAR019C,CDC15,CDC15,0
1,right,S000000072,S000000073,YAR019C,YAR020C,CDC15,PAU7,1721
1,right,S000000072,S000000074,YAR019C,YAR023C,CDC15,YAR023C,4146
1,right,S000000072,S000000075,YAR019C,YAR027W,CDC15,UIP3,8635
1,right,S000000072,S000000076,YAR019C,YAR028W,CDC15,YAR028W,9757
1,right,S000000072,S000000077,YAR019C,YAR029W,CDC15,YAR029W,11186
1,right,S000000072,S000000078,YAR019C,YAR031W,CDC15,PRM9,11701
1,right,S000000072,S000001821,YAR019C,YAR030C,CDC15,YAR030C,11377
1,right,S000000072,S000000079,YAR019C,YAR033W,CDC15,MST28,12972
1,right,S000000072,S000000080,YAR019C,YAR035W,CDC15,YAT1,15058
1,right,S000000072,S000028595,YAR019C,YAR035C-A,CDC15,YAR035C-A,17202
1,right,S000000072,S000000081,YAR019C,YAR042W,CDC15,SWH1,17484
1,right,S000000072,S000000083,YAR019C,YAR047C,CDC15,YAR047C,26332
1,right,S000000072,S000000084,YAR019C,YAR050W,CDC15,FLO1,28268
1,right,S000000072,S000000085,YAR019C,YAR053W,CDC15,YAR053W,33232
1,right,S000000072,S000000086,YAR019C,YAR060C,CDC15,YAR060C,42022
1,right,S000000072,S000000089,YAR019C,YAR064W,CDC15,YAR064W,45063
1,right,S000000072,S000002144,YAR019C,YAR066W,CDC15,YAR066W,45914
1,right,S000000072,S000000091,YAR019C,YAR068W,CDC15,YAR068W,47271
1,right,S000000072,S000000092,YAR019C,YAR069C,CDC15,YAR069C,48876
1,right,S000000072,S000000093,YAR019C,YAR070C,CDC15,YAR070C,49428
1,right,S000000072,S000000094,YAR019C,YAR071W,CDC15,PHO11,50325
1,right,S000000072,S000000095,YAR019C,YAR073W,CDC15,IMD1,52607
1,right,S000000072,S000002145,YAR019C,YAR075W,CDC15,YAR075W,53709
1,right,S000000073,S000000063,YAR020C,YAR002W,PAU7,NUP60,22980
1,right,S000000073,S000002129,YAR020C,YAR002C-A,PAU7,ERP1,22132
1,right,S000000073,S000000064,YAR020C,YAR003W,PAU7,SWD1,20571
1,right,S000000073,S000000065,YAR020C,YAR007C,PAU7,RFA1,18237
1,right,S000000073,S000000066,YAR020C,YAR008W,PAU7,SEN34,17063
1,right,S000000073,S000000069,YAR020C,YAR014C,PAU7,BUD14,7985
1,right,S000000073,S000000070,YAR020C,YAR015W,PAU7,ADE1,6561
1,right,S000000073,S000000071,YAR020C,YAR018C,PAU7,KIN3,5153
1,right,S000000073,S000028735,YAR020C,YAR019W-A,PAU7,YAR019W-A,1526
1,right,S000000073,S000000072,YAR020C,YAR019C,PAU7,CDC15,1721
1,right,S000000073,S000000073,YAR020C,YAR020C,PAU7,PAU7,0
1,right,S000000073,S000000074,YAR020C,YAR023C,PAU7,YAR023C,2258
1,right,S000000073,S000000075,YAR020C,YAR027W,PAU7,UIP3,6747
1,right,S000000073,S000000076,YAR020C,YAR028W,PAU7,YAR028W,7869
1,right,S000000073,S000000077,YAR020C,YAR029W,PAU7,YAR029W,9298
1,right,S000000073,S000000078,YAR020C,YAR031W,PAU7,PRM9,9813
1,right,S000000073,S000001821,YAR020C,YAR030C,PAU7,YAR030C,9489
1,right,S000000073,S000000079,YAR020C,YAR033W,PAU7,MST28,11084
1,right,S000000073,S000000080,YAR020C,YAR035W,PAU7,YAT1,13170
1,right,S000000073,S000028595,YAR020C,YAR035C-A,PAU7,YAR035C-A,15314
1,right,S000000073,S000000081,YAR020C,YAR042W,PAU7,SWH1,15596
1,right,S000000073,S000000083,YAR020C,YAR047C,PAU7,YAR047C,24444
1,right,S000000073,S000000084,YAR020C,YAR050W,PAU7,FLO1,26380
1,right,S000000073,S000000085,YAR020C,YAR053W,PAU7,YAR053W,31344
1,right,S000000073,S000000086,YAR020C,YAR060C,PAU7,YAR060C,40134
1,right,S000000073,S000000089,YAR020C,YAR064W,PAU7,YAR064W,43175
1,right,S000000073,S000002144,YAR020C,YAR066W,PAU7,YAR066W,44026
1,right,S000000073,S000000091,YAR020C,YAR068W,PAU7,YAR068W,45383
1,right,S000000073,S000000092,YAR020C,YAR069C,PAU7,YAR069C,46988
1,right,S000000073,S000000093,YAR020C,YAR070C,PAU7,YAR070C,47540
1,right,S000000073,S000000094,YAR020C,YAR071W,PAU7,PHO11,48437
1,right,S000000073,S000000095,YAR020C,YAR073W,PAU7,IMD1,50719
1,right,S000000073,S000002145,YAR020C,YAR075W,PAU7,YAR075W,51821
1,right,S000000074,S000000063,YAR023C,YAR002W,YAR023C,NUP60,25405
1,right,S000000074,S000002129,YAR023C,YAR002C-A,YAR023C,ERP1,24557
1,right,S000000074,S000000064,YAR023C,YAR003W,YAR023C,SWD1,22996
1,right,S000000074,S000000065,YAR023C,YAR007C,YAR023C,RFA1,20662
1,right,S000000074,S000000066,YAR023C,YAR008W,YAR023C,SEN34,19488
1,right,S000000074,S000000069,YAR023C,YAR014C,YAR023C,BUD14,10410
1,right,S000000074,S000000070,YAR023C,YAR015W,YAR023C,ADE1,8986
1,right,S000000074,S000000071,YAR023C,YAR018C,YAR023C,KIN3,7578
1,right,S000000074,S000028735,YAR023C,YAR019W-A,YAR023C,YAR019W-A,3951
1,right,S000000074,S000000072,YAR023C,YAR019C,YAR023C,CDC15,4146
1,right,S000000074,S000000073,YAR023C,YAR020C,YAR023C,PAU7,2258
1,right,S000000074,S000000074,YAR023C,YAR023C,YAR023C,YAR023C,0
1,right,S000000074,S000000075,YAR023C,YAR027W,YAR023C,UIP3,3950
1,right,S000000074,S000000076,YAR023C,YAR028W,YAR023C,YAR028W,5072
1,right,S000000074,S000000077,YAR023C,YAR029W,YAR023C,YAR029W,6501
1,right,S000000074,S000000078,YAR023C,YAR031W,YAR023C,PRM9,7016
1,right,S000000074,S000001821,YAR023C,YAR030C,YAR023C,YAR030C,6692
1,right,S000000074,S000000079,YAR023C,YAR033W,YAR023C,MST28,8287
1,right,S000000074,S000000080,YAR023C,YAR035W,YAR023C,YAT1,10373
1,right,S000000074,S000028595,YAR023C,YAR035C-A,YAR023C,YAR035C-A,12517
1,right,S000000074,S000000081,YAR023C,YAR042W,YAR023C,SWH1,12799
1,right,S000000074,S000000083,YAR023C,YAR047C,YAR023C,YAR047C,21647
1,right,S000000074,S000000084,YAR023C,YAR050W,YAR023C,FLO1,23583
1,right,S000000074,S000000085,YAR023C,YAR053W,YAR023C,YAR053W,28547
1,right,S000000074,S000000086,YAR023C,YAR060C,YAR023C,YAR060C,37337
1,right,S000000074,S000000089,YAR023C,YAR064W,YAR023C,YAR064W,40378
1,right,S000000074,S000002144,YAR023C,YAR066W,YAR023C,YAR066W,41229
1,right,S000000074,S000000091,YAR023C,YAR068W,YAR023C,YAR068W,42586
1,right,S000000074,S000000092,YAR023C,YAR069C,YAR023C,YAR069C,44191
1,right,S000000074,S000000093,YAR023C,YAR070C,YAR023C,YAR070C,44743
1,right,S000000074,S000000094,YAR023C,YAR071W,YAR023C,PHO11,45640
1,right,S000000074,S000000095,YAR023C,YAR073W,YAR023C,IMD1,47922
1,right,S000000074,S000002145,YAR023C,YAR075W,YAR023C,YAR075W,49024
1,right,S000000075,S000000063,YAR027W,YAR002W,UIP3,NUP60,29894
1,right,S000000075,S000002129,YAR027W,YAR002C-A,UIP3,ERP1,29046
1,right,S000000075,S000000064,YAR027W,YAR003W,UIP3,SWD1,27485
1,right,S000000075,S000000065,YAR027W,YAR007C,UIP3,RFA1,25151
1,right,S000000075,S000000066,YAR027W,YAR008W,UIP3,SEN34,23977
1,right,S000000075,S000000069,YAR027W,YAR014C,UIP3,BUD14,14899
1,right,S000000075,S000000070,YAR027W,YAR015W,UIP3,ADE1,13475
1,right,S000000075,S000000071,YAR027W,YAR018C,UIP3,KIN3,12067
1,right,S000000075,S000028735,YAR027W,YAR019W-A,UIP3,YAR019W-A,8440
1,right,S000000075,S000000072,YAR027W,YAR019C,UIP3,CDC15,8635
1,right,S000000075,S000000073,YAR027W,YAR020C,UIP3,PAU7,6747
1,right,S000000075,S000000074,YAR027W,YAR023C,UIP3,YAR023C,3950
1,right,S000000075,S000000075,YAR027W,YAR027W,UIP3,UIP3,0
1,right,S000000075,S000000076,YAR027W,YAR028W,UIP3,YAR028W,415
1,right,S000000075,S000000077,YAR027W,YAR029W,UIP3,YAR029W,1844
1,right,S000000075,S000000078,YAR027W,YAR031W,UIP3,PRM9,2359
1,right,S000000075,S000001821,YAR027W,YAR030C,UIP3,YAR030C,2035
1,right,S000000075,S000000079,YAR027W,YAR033W,UIP3,MST28,3630
1,right,S000000075,S000000080,YAR027W,YAR035W,UIP3,YAT1,5716
1,right,S000000075,S000028595,YAR027W,YAR035C-A,UIP3,YAR035C-A,7860
1,right,S000000075,S000000081,YAR027W,YAR042W,UIP3,SWH1,8142
1,right,S000000075,S000000083,YAR027W,YAR047C,UIP3,YAR047C,16990
1,right,S000000075,S000000084,YAR027W,YAR050W,UIP3,FLO1,18926
1,right,S000000075,S000000085,YAR027W,YAR053W,UIP3,YAR053W,23890
1,right,S000000075,S000000086,YAR027W,YAR060C,UIP3,YAR060C,32680
1,right,S000000075,S000000089,YAR027W,YAR064W,UIP3,YAR064W,35721
1,right,S000000075,S000002144,YAR027W,YAR066W,UIP3,YAR066W,36572
1,right,S000000075,S000000091,YAR027W,YAR068W,UIP3,YAR068W,37929
1,right,S000000075,S000000092,YAR027W,YAR069C,UIP3,YAR069C,39534
1,right,S000000075,S000000093,YAR027W,YAR070C,UIP3,YAR070C,40086
1,right,S000000075,S000000094,YAR027W,YAR071W,UIP3,PHO11,40983
1,right,S000000075,S000000095,YAR027W,YAR073W,UIP3,IMD1,43265
1,right,S000000075,S000002145,YAR027W,YAR075W,UIP3,YAR075W,44367
1,right,S000000076,S000000063,YAR028W,YAR002W,YAR028W,NUP60,31016
1,right,S000000076,S000002129,YAR028W,YAR002C-A,YAR028W,ERP1,30168
1,right,S000000076,S000000064,YAR028W,YAR003W,YAR028W,SWD1,28607
1,right,S000000076,S000000065,YAR028W,YAR007C,YAR028W,RFA1,26273
1,right,S000000076,S000000066,YAR028W,YAR008W,YAR028W,SEN34,25099
1,right,S000000076,S000000069,YAR028W,YAR014C,YAR028W,BUD14,16021
1,right,S000000076,S000000070,YAR028W,YAR015W,YAR028W,ADE1,14597
1,right,S000000076,S000000071,YAR028W,YAR018C,YAR028W,KIN3,13189
1,right,S000000076,S000028735,YAR028W,YAR019W-A,YAR028W,YAR019W-A,9562
1,right,S000000076,S000000072,YAR028W,YAR019C,YAR028W,CDC15,9757
1,right,S000000076,S000000073,YAR028W,YAR020C,YAR028W,PAU7,7869
1,right,S000000076,S000000074,YAR028W,YAR023C,YAR028W,YAR023C,5072
1,right,S000000076,S000000075,YAR028W,YAR027W,YAR028W,UIP3,415
1,right,S000000076,S000000076,YAR028W,YAR028W,YAR028W,YAR028W,0
1,right,S000000076,S000000077,YAR028W,YAR029W,YAR028W,YAR029W,725
1,right,S000000076,S000000078,YAR028W,YAR031W,YAR028W,PRM9,1240
1,right,S000000076,S000001821,YAR028W,YAR030C,YAR028W,YAR030C,916
1,right,S000000076,S000000079,YAR028W,YAR033W,YAR028W,MST28,2511
1,right,S000000076,S000000080,YAR028W,YAR035W,YAR028W,YAT1,4597
1,right,S000000076,S000028595,YAR028W,YAR035C-A,YAR028W,YAR035C-A,6741
1,right,S000000076,S000000081,YAR028W,YAR042W,YAR028W,SWH1,7023
1,right,S000000076,S000000083,YAR028W,YAR047C,YAR028W,YAR047C,15871
1,right,S000000076,S000000084,YAR028W,YAR050W,YAR028W,FLO1,17807
1,right,S000000076,S000000085,YAR028W,YAR053W,YAR028W,YAR053W,22771
1,right,S000000076,S000000086,YAR028W,YAR060C,YAR028W,YAR060C,31561
1,right,S000000076,S000000089,YAR028W,YAR064W,YAR028W,YAR064W,34602
1,right,S000000076,S000002144,YAR028W,YAR066W,YAR028W,YAR066W,35453
1,right,S000000076,S000000091,YAR028W,YAR068W,YAR028W,YAR068W,36810
1,right,S000000076,S000000092,YAR028W,YAR069C,YAR028W,YAR069C,38415
1,right,S000000076,S000000093,YAR028W,YAR070C,YAR028W,YAR070C,38967
1,right,S000000076,S000000094,YAR028W,YAR071W,YAR028W,PHO11,39864
1,right,S000000076,S000000095,YAR028W,YAR073W,YAR028W,IMD1,42146
1,right,S000000076,S000002145,YAR028W,YAR075W,YAR028W,YAR075W,43248
1,right,S000000077,S000000063,YAR029W,YAR002W,YAR029W,NUP60,32445
1,right,S000000077,S000002129,YAR029W,YAR002C-A,YAR029W,ERP1,31597
1,right,S000000077,S000000064,YAR029W,YAR003W,YAR029W,SWD1,30036
1,right,S000000077,S000000065,YAR029W,YAR007C,YAR029W,RFA1,27702
1,right,S000000077,S000000066,YAR029W,YAR008W,YAR029W,SEN34,26528
1,right,S000000077,S000000069,YAR029W,YAR014C,YAR029W,BUD14,17450
1,right,S000000077,S000000070,YAR029W,YAR015W,YAR029W,ADE1,16026
1,right,S000000077,S000000071,YAR029W,YAR018C,YAR029W,KIN3,14618
1,right,S000000077,S000028735,YAR029W,YAR019W-A,YAR029W,YAR019W-A,10991
1,right,S000000077,S000000072,YAR029W,YAR019C,YAR029W,CDC15,11186
1,right,S000000077,S000000073,YAR029W,YAR020C,YAR029W,PAU7,9298
1,right,S000000077,S000000074,YAR029W,YAR023C,YAR029W,YAR023C,6501
1,right,S000000077,S000000075,YAR029W,YAR027W,YAR029W,UIP3,1844
1,right,S000000077,S000000076,YAR029W,YAR028W,YAR029W,YAR028W,725
1,right,S000000077,S000000077,YAR029W,YAR029W,YAR029W,YAR029W,0
1,right,S000000077,S000000078,YAR029W,YAR031W,YAR029W,PRM9,291
1,right,S000000077,S000001821,YAR029W,YAR030C,YAR029W,YAR030C,0
1,right,S000000077,S000000079,YAR029W,YAR033W,YAR029W,MST28,1562
1,right,S000000077,S000000080,YAR029W,YAR035W,YAR029W,YAT1,3648
1,right,S000000077,S000028595,YAR029W,YAR035C-A,YAR029W,YAR035C-A,5792
1,right,S000000077,S000000081,YAR029W,YAR042W,YAR029W,SWH1,6074
1,right,S000000077,S000000083,YAR029W,YAR047C,YAR029W,YAR047C,14922
1,right,S000000077,S000000084,YAR029W,YAR050W,YAR029W,FLO1,16858
1,right,S000000077,S000000085,YAR029W,YAR053W,YAR029W,YAR053W,21822
1,right,S000000077,S000000086,YAR029W,YAR060C,YAR029W,YAR060C,30612
1,right,S000000077,S000000089,YAR029W,YAR064W,YAR029W,YAR064W,33653
1,right,S000000077,S000002144,YAR029W,YAR066W,YAR029W,YAR066W,34504
1,right,S000000077,S000000091,YAR029W,YAR068W,YAR029W,YAR068W,35861
1,right,S000000077,S000000092,YAR029W,YAR069C,YAR029W,YAR069C,37466
1,right,S000000077,S000000093,YAR029W,YAR070C,YAR029W,YAR070C,38018
1,right,S000000077,S000000094,YAR029W,YAR071W,YAR029W,PHO11,38915
1,right,S000000077,S000000095,YAR029W,YAR073W,YAR029W,IMD1,41197
1,right,S000000077,S000002145,YAR029W,YAR075W,YAR029W,YAR075W,42299
1,right,S000000078,S000000063,YAR031W,YAR002W,PRM9,NUP60,32960
1,right,S000000078,S000002129,YAR031W,YAR002C-A,PRM9,ERP1,32112
1,right,S000000078,S000000064,YAR031W,YAR003W,PRM9,SWD1,30551
1,right,S000000078,S000000065,YAR031W,YAR007C,PRM9,RFA1,28217
1,right,S000000078,S000000066,YAR031W,YAR008W,PRM9,SEN34,27043
1,right,S000000078,S000000069,YAR031W,YAR014C,PRM9,BUD14,17965
1,right,S000000078,S000000070,YAR031W,YAR015W,PRM9,ADE1,16541
1,right,S000000078,S000000071,YAR031W,YAR018C,PRM9,KIN3,15133
1,right,S000000078,S000028735,YAR031W,YAR019W-A,PRM9,YAR019W-A,11506
1,right,S000000078,S000000072,YAR031W,YAR019C,PRM9,CDC15,11701
1,right,S000000078,S000000073,YAR031W,YAR020C,PRM9,PAU7,9813
1,right,S000000078,S000000074,YAR031W,YAR023C,PRM9,YAR023C,7016
1,right,S000000078,S000000075,YAR031W,YAR027W,PRM9,UIP3,2359
1,right,S000000078,S000000076,YAR031W,YAR028W,PRM9,YAR028W,1240
1,right,S000000078,S000000077,YAR031W,YAR029W,PRM9,YAR029W,291
1,right,S000000078,S000000078,YAR031W,YAR031W,PRM9,PRM9,0
1,right,S000000078,S000001821,YAR031W,YAR030C,PRM9,YAR030C,0
1,right,S000000078,S000000079,YAR031W,YAR033W,PRM9,MST28,375
1,right,S000000078,S000000080,YAR031W,YAR035W,PRM9,YAT1,2461
1,right,S000000078,S000028595,YAR031W,YAR035C-A,PRM9,YAR035C-A,4605
1,right,S000000078,S000000081,YAR031W,YAR042W,PRM9,SWH1,4887
1,right,S000000078,S000000083,YAR031W,YAR047C,PRM9,YAR047C,13735
1,right,S000000078,S000000084,YAR031W,YAR050W,PRM9,FLO1,15671
1,right,S000000078,S000000085,YAR031W,YAR053W,PRM9,YAR053W,20635
1,right,S000000078,S000000086,YAR031W,YAR060C,PRM9,YAR060C,29425
1,right,S000000078,S000000089,YAR031W,YAR064W,PRM9,YAR064W,32466
1,right,S000000078,S000002144,YAR031W,YAR066W,PRM9,YAR066W,33317
1,right,S000000078,S000000091,YAR031W,YAR068W,PRM9,YAR068W,34674
1,right,S000000078,S000000092,YAR031W,YAR069C,PRM9,YAR069C,36279
1,right,S000000078,S000000093,YAR031W,YAR070C,PRM9,YAR070C,36831
1,right,S000000078,S000000094,YAR031W,YAR071W,PRM9,PHO11,37728
1,right,S000000078,S000000095,YAR031W,YAR073W,PRM9,IMD1,40010
1,right,S000000078,S000002145,YAR031W,YAR075W,PRM9,YAR075W,41112
1,right,S000001821,S000000063,YAR030C,YAR002W,YAR030C,NUP60,32636
1,right,S000001821,S000002129,YAR030C,YAR002C-A,YAR030C,ERP1,31788
1,right,S000001821,S000000064,YAR030C,YAR003W,YAR030C,SWD1,30227
1,right,S000001821,S000000065,YAR030C,YAR007C,YAR030C,RFA1,27893
1,right,S000001821,S000000066,YAR030C,YAR008W,YAR030C,SEN34,26719
1,right,S000001821,S000000069,YAR030C,YAR014C,YAR030C,BUD14,17641
1,right,S000001821,S000000070,YAR030C,YAR015W,YAR030C,ADE1,16217
1,right,S000001821,S000000071,YAR030C,YAR018C,YAR030C,KIN3,14809
1,right,S000001821,S000028735,YAR030C,YAR019W-A,YAR030C,YAR019W-A,11182
1,right,S000001821,S000000072,YAR030C,YAR019C,YAR030C,CDC15,11377
1,right,S000001821,S000000073,YAR030C,YAR020C,YAR030C,PAU7,9489
1,right,S000001821,S000000074,YAR030C,YAR023C,YAR030C,YAR023C,6692
1,right,S000001821,S000000075,YAR030C,YAR027W,YAR030C,UIP3,2035
1,right,S000001821,S000000076,YAR030C,YAR028W,YAR030C,YAR028W,916
1,right,S000001821,S000000077,YAR030C,YAR029W,YAR030C,YAR029W,0
1,right,S000001821,S000000078,YAR030C,YAR031W,YAR030C,PRM9,0
1,right,S000001821,S000001821,YAR030C,YAR030C,YAR030C,YAR030C,0
1,right,S000001821,S000000079,YAR030C,YAR033W,YAR030C,MST28,1254
1,right,S000001821,S000000080,YAR030C,YAR035W,YAR030C,YAT1,3340
1,right,S000001821,S000028595,YAR030C,YAR035C-A,YAR030C,YAR035C-A,5484
1,right,S000001821,S000000081,YAR030C,YAR042W,YAR030C,SWH1,5766
1,right,S000001821,S000000083,YAR030C,YAR047C,YAR030C,YAR047C,14614
1,right,S000001821,S000000084,YAR030C,YAR050W,YAR030C,FLO1,16550
1,right,S000001821,S000000085,YAR030C,YAR053W,YAR030C,YAR053W,21514
1,right,S000001821,S000000086,YAR030C,YAR060C,YAR030C,YAR060C,30304
1,right,S000001821,S000000089,YAR030C,YAR064W,YAR030C,YAR064W,33345
1,right,S000001821,S000002144,YAR030C,YAR066W,YAR030C,YAR066W,34196
1,right,S000001821,S000000091,YAR030C,YAR068W,YAR030C,YAR068W,35553
1,right,S000001821,S000000092,YAR030C,YAR069C,YAR030C,YAR069C,37158
1,right,S000001821,S000000093,YAR030C,YAR070C,YAR030C,YAR070C,37710
1,right,S000001821,S000000094,YAR030C,YAR071W,YAR030C,PHO11,38607
1,right,S000001821,S000000095,YAR030C,YAR073W,YAR030C,IMD1,40889
1,right,S000001821,S000002145,YAR030C,YAR075W,YAR030C,YAR075W,41991
1,right,S000000079,S000000063,YAR033W,YAR002W,MST28,NUP60,34231
1,right,S000000079,S000002129,YAR033W,YAR002C-A,MST28,ERP1,33383
1,right,S000000079,S000000064,YAR033W,YAR003W,MST28,SWD1,31822
1,right,S000000079,S000000065,YAR033W,YAR007C,MST28,RFA1,29488
1,right,S000000079,S000000066,YAR033W,YAR008W,MST28,SEN34,28314
1,right,S000000079,S000000069,YAR033W,YAR014C,MST28,BUD14,19236
1,right,S000000079,S000000070,YAR033W,YAR015W,MST28,ADE1,17812
1,right,S000000079,S000000071,YAR033W,YAR018C,MST28,KIN3,16404
1,right,S000000079,S000028735,YAR033W,YAR019W-A,MST28,YAR019W-A,12777
1,right,S000000079,S000000072,YAR033W,YAR019C,MST28,CDC15,12972
1,right,S000000079,S000000073,YAR033W,YAR020C,MST28,PAU7,11084
1,right,S000000079,S000000074,YAR033W,YAR023C,MST28,YAR023C,8287
1,right,S000000079,S000000075,YAR033W,YAR027W,MST28,UIP3,3630
1,right,S000000079,S000000076,YAR033W,YAR028W,MST28,YAR028W,2511
1,right,S000000079,S000000077,YAR033W,YAR029W,MST28,YAR029W,1562
1,right,S000000079,S000000078,YAR033W,YAR031W,MST28,PRM9,375
1,right,S000000079,S000001821,YAR033W,YAR030C,MST28,YAR030C,1254
1,right,S000000079,S000000079,YAR033W,YAR033W,MST28,MST28,0
1,right,S000000079,S000000080,YAR033W,YAR035W,MST28,YAT1,1382
1,right,S000000079,S000028595,YAR033W,YAR035C-A,MST28,YAR035C-A,3526
1,right,S000000079,S000000081,YAR033W,YAR042W,MST28,SWH1,3808
1,right,S000000079,S000000083,YAR033W,YAR047C,MST28,YAR047C,12656
1,right,S000000079,S000000084,YAR033W,YAR050W,MST28,FLO1,14592
1,right,S000000079,S000000085,YAR033W,YAR053W,MST28,YAR053W,19556
1,right,S000000079,S000000086,YAR033W,YAR060C,MST28,YAR060C,28346
1,right,S000000079,S000000089,YAR033W,YAR064W,MST28,YAR064W,31387
1,right,S000000079,S000002144,YAR033W,YAR066W,MST28,YAR066W,32238
1,right,S000000079,S000000091,YAR033W,YAR068W,MST28,YAR068W,33595
1,right,S000000079,S000000092,YAR033W,YAR069C,MST28,YAR069C,35200
1,right,S000000079,S000000093,YAR033W,YAR070C,MST28,YAR070C,35752
1,right,S000000079,S000000094,YAR033W,YAR071W,MST28,PHO11,36649
1,right,S000000079,S000000095,YAR033W,YAR073W,MST28,IMD1,38931
1,right,S000000079,S000002145,YAR033W,YAR075W,MST28,YAR075W,40033
1,right,S000000080,S000000063,YAR035W,YAR002W,YAT1,NUP60,36317
1,right,S000000080,S000002129,YAR035W,YAR002C-A,YAT1,ERP1,35469
1,right,S000000080,S000000064,YAR035W,YAR003W,YAT1,SWD1,33908
1,right,S000000080,S000000065,YAR035W,YAR007C,YAT1,RFA1,31574
1,right,S000000080,S000000066,YAR035W,YAR008W,YAT1,SEN34,30400
1,right,S000000080,S000000069,YAR035W,YAR014C,YAT1,BUD14,21322
1,right,S000000080,S000000070,YAR035W,YAR015W,YAT1,ADE1,19898
1,right,S000000080,S000000071,YAR035W,YAR018C,YAT1,KIN3,18490
1,right,S000000080,S000028735,YAR035W,YAR019W-A,YAT1,YAR019W-A,14863
1,right,S000000080,S000000072,YAR035W,YAR019C,YAT1,CDC15,15058
1,right,S000000080,S000000073,YAR035W,YAR020C,YAT1,PAU7,13170
1,right,S000000080,S000000074,YAR035W,YAR023C,YAT1,YAR023C,10373
1,right,S000000080,S000000075,YAR035W,YAR027W,YAT1,UIP3,5716
1,right,S000000080,S000000076,YAR035W,YAR028W,YAT1,YAR028W,4597
1,right,S000000080,S000000077,YAR035W,YAR029W,YAT1,YAR029W,3648
1,right,S000000080,S000000078,YAR035W,YAR031W,YAT1,PRM9,2461
1,right,S000000080,S000001821,YAR035W,YAR030C,YAT1,YAR030C,3340
1,right,S000000080,S000000079,YAR035W,YAR033W,YAT1,MST28,1382
1,right,S000000080,S000000080,YAR035W,YAR035W,YAT1,YAT1,0
1,right,S000000080,S000028595,YAR035W,YAR035C-A,YAT1,YAR035C-A,81
1,right,S000000080,S000000081,YAR035W,YAR042W,YAT1,SWH1,363
1,right,S000000080,S000000083,YAR035W,YAR047C,YAT1,YAR047C,9211
1,right,S000000080,S000000084,YAR035W,YAR050W,YAT1,FLO1,11147
1,right,S000000080,S000000085,YAR035W,YAR053W,YAT1,YAR053W,16111
1,right,S000000080,S000000086,YAR035W,YAR060C,YAT1,YAR060C,24901
1,right,S000000080,S000000089,YAR035W,YAR064W,YAT1,YAR064W,27942
1,right,S000000080,S000002144,YAR035W,YAR066W,YAT1,YAR066W,28793
1,right,S000000080,S000000091,YAR035W,YAR068W,YAT1,YAR068W,30150
1,right,S000000080,S000000092,YAR035W,YAR069C,YAT1,YAR069C,31755
1,right,S000000080,S000000093,YAR035W,YAR070C,YAT1,YAR070C,32307
1,right,S000000080,S000000094,YAR035W,YAR071W,YAT1,PHO11,33204
1,right,S000000080,S000000095,YAR035W,YAR073W,YAT1,IMD1,35486
1,right,S000000080,S000002145,YAR035W,YAR075W,YAT1,YAR075W,36588
1,right,S000028595,S000000063,YAR035C-A,YAR002W,YAR035C-A,NUP60,38461
1,right,S000028595,S000002129,YAR035C-A,YAR002C-A,YAR035C-A,ERP1,37613
1,right,S000028595,S000000064,YAR035C-A,YAR003W,YAR035C-A,SWD1,36052
1,right,S000028595,S000000065,YAR035C-A,YAR007C,YAR035C-A,RFA1,33718
1,right,S000028595,S000000066,YAR035C-A,YAR008W,YAR035C-A,SEN34,32544
1,right,S000028595,S000000069,YAR035C-A,YAR014C,YAR035C-A,BUD14,23466
1,right,S000028595,S000000070,YAR035C-A,YAR015W,YAR035C-A,ADE1,22042
1,right,S000028595,S000000071,YAR035C-A,YAR018C,YAR035C-A,KIN3,20634
1,right,S000028595,S000028735,YAR035C-A,YAR019W-A,YAR035C-A,YAR019W-A,17007
1,right,S000028595,S000000072,YAR035C-A,YAR019C,YAR035C-A,CDC15,17202
1,right,S000028595,S000000073,YAR035C-A,YAR020C,YAR035C-A,PAU7,15314
1,right,S000028595,S000000074,YAR035C-A,YAR023C,YAR035C-A,YAR023C,12517
1,right,S000028595,S000000075,YAR035C-A,YAR027W,YAR035C-A,UIP3,7860
1,right,S000028595,S000000076,YAR035C-A,YAR028W,YAR035C-A,YAR028W,6741
1,right,S000028595,S000000077,YAR035C-A,YAR029W,YAR035C-A,YAR029W,5792
1,right,S000028595,S000000078,YAR035C-A,YAR031W,YAR035C-A,PRM9,4605
1,right,S000028595,S000001821,YAR035C-A,YAR030C,YAR035C-A,YAR030C,5484
1,right,S000028595,S000000079,YAR035C-A,YAR033W,YAR035C-A,MST28,3526
1,right,S000028595,S000000080,YAR035C-A,YAR035W,YAR035C-A,YAT1,81
1,right,S000028595,S000028595,YAR035C-A,YAR035C-A,YAR035C-A,YAR035C-A,0
1,right,S000028595,S000000081,YAR035C-A,YAR042W,YAR035C-A,SWH1,202
1,right,S000028595,S000000083,YAR035C-A,YAR047C,YAR035C-A,YAR047C,9050
1,right,S000028595,S000000084,YAR035C-A,YAR050W,YAR035C-A,FLO1,10986
1,right,S000028595,S000000085,YAR035C-A,YAR053W,YAR035C-A,YAR053W,15950
1,right,S000028595,S000000086,YAR035C-A,YAR060C,YAR035C-A,YAR060C,24740
1,right,S000028595,S000000089,YAR035C-A,YAR064W,YAR035C-A,YAR064W,27781
1,right,S000028595,S000002144,YAR035C-A,YAR066W,YAR035C-A,YAR066W,28632
1,right,S000028595,S000000091,YAR035C-A,YAR068W,YAR035C-A,YAR068W,29989
1,right,S000028595,S000000092,YAR035C-A,YAR069C,YAR035C-A,YAR069C,31594
1,right,S000028595,S000000093,YAR035C-A,YAR070C,YAR035C-A,YAR070C,32146
1,right,S000028595,S000000094,YAR035C-A,YAR071W,YAR035C-A,PHO11,33043
1,right,S000028595,S000000095,YAR035C-A,YAR073W,YAR035C-A,IMD1,35325
1,right,S000028595,S000002145,YAR035C-A,YAR075W,YAR035C-A,YAR075W,36427
1,right,S000000081,S000000063,YAR042W,YAR002W,SWH1,NUP60,38743
1,right,S000000081,S000002129,YAR042W,YAR002C-A,SWH1,ERP1,37895
1,right,S000000081,S000000064,YAR042W,YAR003W,SWH1,SWD1,36334
1,right,S000000081,S000000065,YAR042W,YAR007C,SWH1,RFA1,34000
1,right,S000000081,S000000066,YAR042W,YAR008W,SWH1,SEN34,32826
1,right,S000000081,S000000069,YAR042W,YAR014C,SWH1,BUD14,23748
1,right,S000000081,S000000070,YAR042W,YAR015W,SWH1,ADE1,22324
1,right,S000000081,S000000071,YAR042W,YAR018C,SWH1,KIN3,20916
1,right,S000000081,S000028735,YAR042W,YAR019W-A,SWH1,YAR019W-A,17289
1,right,S000000081,S000000072,YAR042W,YAR019C,SWH1,CDC15,17484
1,right,S000000081,S000000073,YAR042W,YAR020C,SWH1,PAU7,15596
1,right,S000000081,S000000074,YAR042W,YAR023C,SWH1,YAR023C,12799
1,right,S000000081,S000000075,YAR042W,YAR027W,SWH1,UIP3,8142
1,right,S000000081,S000000076,YAR042W,YAR028W,SWH1,YAR028W,7023
1,right,S000000081,S000000077,YAR042W,YAR029W,SWH1,YAR029W,6074
1,right,S000000081,S000000078,YAR042W,YAR031W,SWH1,PRM9,4887
1,right,S000000081,S000001821,YAR042W,YAR030C,SWH1,YAR030C,5766
1,right,S000000081,S000000079,YAR042W,YAR033W,SWH1,MST28,3808
1,right,S000000081,S000000080,YAR042W,YAR035W,SWH1,YAT1,363
1,right,S000000081,S000028595,YAR042W,YAR035C-A,SWH1,YAR035C-A,202
1,right,S000000081,S000000081,YAR042W,YAR042W,SWH1,SWH1,0
1,right,S000000081,S000000083,YAR042W,YAR047C,SWH1,YAR047C,5282
1,right,S000000081,S000000084,YAR042W,YAR050W,SWH1,FLO1,7218
1,right,S000000081,S000000085,YAR042W,YAR053W,SWH1,YAR053W,12182
1,right,S000000081,S000000086,YAR042W,YAR060C,SWH1,YAR060C,20972
1,right,S000000081,S000000089,YAR042W,YAR064W,SWH1,YAR064W,24013
1,right,S000000081,S000002144,YAR042W,YAR066W,SWH1,YAR066W,24864
1,right,S000000081,S000000091,YAR042W,YAR068W,SWH1,YAR068W,26221
1,right,S000000081,S000000092,YAR042W,YAR069C,SWH1,YAR069C,27826
1,right,S000000081,S000000093,YAR042W,YAR070C,SWH1,YAR070C,28378
1,right,S000000081,S000000094,YAR042W,YAR071W,SWH1,PHO11,29275
1,right,S000000081,S000000095,YAR042W,YAR073W,SWH1,IMD1,31557
1,right,S000000081,S000002145,YAR042W,YAR075W,SWH1,YAR075W,32659
1,right,S000000083,S000000063,YAR047C,YAR002W,YAR047C,NUP60,47591
1,right,S000000083,S000002129,YAR047C,YAR002C-A,YAR047C,ERP1,46743
1,right,S000000083,S000000064,YAR047C,YAR003W,YAR047C,SWD1,45182
1,right,S000000083,S000000065,YAR047C,YAR007C,YAR047C,RFA1,42848
1,right,S000000083,S000000066,YAR047C,YAR008W,YAR047C,SEN34,41674
1,right,S000000083,S000000069,YAR047C,YAR014C,YAR047C,BUD14,32596
1,right,S000000083,S000000070,YAR047C,YAR015W,YAR047C,ADE1,31172
1,right,S000000083,S000000071,YAR047C,YAR018C,YAR047C,KIN3,29764
1,right,S000000083,S000028735,YAR047C,YAR019W-A,YAR047C,YAR019W-A,26137
1,right,S000000083,S000000072,YAR047C,YAR019C,YAR047C,CDC15,26332
1,right,S000000083,S000000073,YAR047C,YAR020C,YAR047C,PAU7,24444
1,right,S000000083,S000000074,YAR047C,YAR023C,YAR047C,YAR023C,21647
1,right,S000000083,S000000075,YAR047C,YAR027W,YAR047C,UIP3,16990
1,right,S000000083,S000000076,YAR047C,YAR028W,YAR047C,YAR028W,15871
1,right,S000000083,S000000077,YAR047C,YAR029W,YAR047C,YAR029W,14922
1,right,S000000083,S000000078,YAR047C,YAR031W,YAR047C,PRM9,13735
1,right,S000000083,S000001821,YAR047C,YAR030C,YAR047C,YAR030C,14614
1,right,S000000083,S000000079,YAR047C,YAR033W,YAR047C,MST28,12656
1,right,S000000083,S000000080,YAR047C,YAR035W,YAR047C,YAT1,9211
1,right,S000000083,S000028595,YAR047C,YAR035C-A,YAR047C,YAR035C-A,9050
1,right,S000000083,S000000081,YAR047C,YAR042W,YAR047C,SWH1,5282
1,right,S000000083,S000000083,YAR047C,YAR047C,YAR047C,YAR047C,0
1,right,S000000083,S000000084,YAR047C,YAR050W,YAR047C,FLO1,1616
1,right,S000000083,S000000085,YAR047C,YAR053W,YAR047C,YAR053W,6580
1,right,S000000083,S000000086,YAR047C,YAR060C,YAR047C,YAR060C,15370
1,right,S000000083,S000000089,YAR047C,YAR064W,YAR047C,YAR064W,18411
1,right,S000000083,S000002144,YAR047C,YAR066W,YAR047C,YAR066W,19262
1,right,S000000083,S000000091,YAR047C,YAR068W,YAR047C,YAR068W,20619
1,right,S000000083,S000000092,YAR047C,YAR069C,YAR047C,YAR069C,22224
1,right,S000000083,S000000093,YAR047C,YAR070C,YAR047C,YAR070C,22776
1,right,S000000083,S000000094,YAR047C,YAR071W,YAR047C,PHO11,23673
1,right,S000000083,S000000095,YAR047C,YAR073W,YAR047C,IMD1,25955
1,right,S000000083,S000002145,YAR047C,YAR075W,YAR047C,YAR075W,27057
1,right,S000000084,S000000063,YAR050W,YAR002W,FLO1,NUP60,49527
1,right,S000000084,S000002129,YAR050W,YAR002C-A,FLO1,ERP1,48679
1,right,S000000084,S000000064,YAR050W,YAR003W,FLO1,SWD1,47118
1,right,S000000084,S000000065,YAR050W,YAR007C,FLO1,RFA1,44784
1,right,S000000084,S000000066,YAR050W,YAR008W,FLO1,SEN34,43610
1,right,S000000084,S000000069,YAR050W,YAR014C,FLO1,BUD14,34532
1,right,S000000084,S000000070,YAR050W,YAR015W,FLO1,ADE1,33108
1,right,S000000084,S000000071,YAR050W,YAR018C,FLO1,KIN3,31700
1,right,S000000084,S000028735,YAR050W,YAR019W-A,FLO1,YAR019W-A,28073
1,right,S000000084,S000000072,YAR050W,YAR019C,FLO1,CDC15,28268
1,right,S000000084,S000000073,YAR050W,YAR020C,FLO1,PAU7,26380
1,right,S000000084,S000000074,YAR050W,YAR023C,FLO1,YAR023C,23583
1,right,S000000084,S000000075,YAR050W,YAR027W,FLO1,UIP3,18926
1,right,S000000084,S000000076,YAR050W,YAR028W,FLO1,YAR028W,17807
1,right,S000000084,S000000077,YAR050W,YAR029W,FLO1,YAR029W,16858
1,right,S000000084,S000000078,YAR050W,YAR031W,FLO1,PRM9,15671
1,right,S000000084,S000001821,YAR050W,YAR030C,FLO1,YAR030C,16550
1,right,S000000084,S000000079,YAR050W,YAR033W,FLO1,MST28,14592
1,right,S000000084,S000000080,YAR050W,YAR035W,FLO1,YAT1,11147
1,right,S000000084,S000028595,YAR050W,YAR035C-A,FLO1,YAR035C-A,10986
1,right,S000000084,S000000081,YAR050W,YAR042W,FLO1,SWH1,7218
1,right,S000000084,S000000083,YAR050W,YAR047C,FLO1,YAR047C,1616
1,right,S000000084,S000000084,YAR050W,YAR050W,FLO1,FLO1,0
1,right,S000000084,S000000085,YAR050W,YAR053W,FLO1,YAR053W,351
1,right,S000000084,S000000086,YAR050W,YAR060C,FLO1,YAR060C,9141
1,right,S000000084,S000000089,YAR050W,YAR064W,FLO1,YAR064W,12182
1,right,S000000084,S000002144,YAR050W,YAR066W,FLO1,YAR066W,13033
1,right,S000000084,S000000091,YAR050W,YAR068W,FLO1,YAR068W,14390
1,right,S000000084,S000000092,YAR050W,YAR069C,FLO1,YAR069C,15995
1,right,S000000084,S000000093,YAR050W,YAR070C,FLO1,YAR070C,16547
1,right,S000000084,S000000094,YAR050W,YAR071W,FLO1,PHO11,17444
1,right,S000000084,S000000095,YAR050W,YAR073W,FLO1,IMD1,19726
1,right,S000000084,S000002145,YAR050W,YAR075W,FLO1,YAR075W,20828
1,right,S000000085,S000000063,YAR053W,YAR002W,YAR053W,NUP60,54491
1,right,S000000085,S000002129,YAR053W,YAR002C-A,YAR053W,ERP1,53643
1,right,S000000085,S000000064,YAR053W,YAR003W,YAR053W,SWD1,52082
1,right,S000000085,S000000065,YAR053W,YAR007C,YAR053W,RFA1,49748
1,right,S000000085,S000000066,YAR053W,YAR008W,YAR053W,SEN34,48574
1,right,S000000085,S000000069,YAR053W,YAR014C,YAR053W,BUD14,39496
1,right,S000000085,S000000070,YAR053W,YAR015W,YAR053W,ADE1,38072
1,right,S000000085,S000000071,YAR053W,YAR018C,YAR053W,KIN3,36664
1,right,S000000085,S000028735,YAR053W,YAR019W-A,YAR053W,YAR019W-A,33037
1,right,S000000085,S000000072,YAR053W,YAR019C,YAR053W,CDC15,33232
1,right,S000000085,S000000073,YAR053W,YAR020C,YAR053W,PAU7,31344
1,right,S000000085,S000000074,YAR053W,YAR023C,YAR053W,YAR023C,28547
1,right,S000000085,S000000075,YAR053W,YAR027W,YAR053W,UIP3,23890
1,right,S000000085,S000000076,YAR053W,YAR028W,YAR053W,YAR028W,22771
1,right,S000000085,S000000077,YAR053W,YAR029W,YAR053W,YAR029W,21822
1,right,S000000085,S000000078,YAR053W,YAR031W,YAR053W,PRM9,20635
1,right,S000000085,S000001821,YAR053W,YAR030C,YAR053W,YAR030C,21514
1,right,S000000085,S000000079,YAR053W,YAR033W,YAR053W,MST28,19556
1,right,S000000085,S000000080,YAR053W,YAR035W,YAR053W,YAT1,16111
1,right,S000000085,S000028595,YAR053W,YAR035C-A,YAR053W,YAR035C-A,15950
1,right,S000000085,S000000081,YAR053W,YAR042W,YAR053W,SWH1,12182
1,right,S000000085,S000000083,YAR053W,YAR047C,YAR053W,YAR047C,6580
1,right,S000000085,S000000084,YAR053W,YAR050W,YAR053W,FLO1,351
1,right,S000000085,S000000085,YAR053W,YAR053W,YAR053W,YAR053W,0
1,right,S000000085,S000000086,YAR053W,YAR060C,YAR053W,YAR060C,8494
1,right,S000000085,S000000089,YAR053W,YAR064W,YAR053W,YAR064W,11535
1,right,S000000085,S000002144,YAR053W,YAR066W,YAR053W,YAR066W,12386
1,right,S000000085,S000000091,YAR053W,YAR068W,YAR053W,YAR068W,13743
1,right,S000000085,S000000092,YAR053W,YAR069C,YAR053W,YAR069C,15348
1,right,S000000085,S000000093,YAR053W,YAR070C,YAR053W,YAR070C,15900
1,right,S000000085,S000000094,YAR053W,YAR071W,YAR053W,PHO11,16797
1,right,S000000085,S000000095,YAR053W,YAR073W,YAR053W,IMD1,19079
1,right,S000000085,S000002145,YAR053W,YAR075W,YAR053W,YAR075W,20181
1,right,S000000086,S000000063,YAR060C,YAR002W,YAR060C,NUP60,63281
1,right,S000000086,S000002129,YAR060C,YAR002C-A,YAR060C,ERP1,62433
1,right,S000000086,S000000064,YAR060C,YAR003W,YAR060C,SWD1,60872
1,right,S000000086,S000000065,YAR060C,YAR007C,YAR060C,RFA1,58538
1,right,S000000086,S000000066,YAR060C,YAR008W,YAR060C,SEN34,57364
1,right,S000000086,S000000069,YAR060C,YAR014C,YAR060C,BUD14,48286
1,right,S000000086,S000000070,YAR060C,YAR015W,YAR060C,ADE1,46862
1,right,S000000086,S000000071,YAR060C,YAR018C,YAR060C,KIN3,45454
1,right,S000000086,S000028735,YAR060C,YAR019W-A,YAR060C,YAR019W-A,41827
1,right,S000000086,S000000072,YAR060C,YAR019C,YAR060C,CDC15,42022
1,right,S000000086,S000000073,YAR060C,YAR020C,YAR060C,PAU7,40134
1,right,S000000086,S000000074,YAR060C,YAR023C,YAR060C,YAR023C,37337
1,right,S000000086,S000000075,YAR060C,YAR027W,YAR060C,UIP3,32680
1,right,S000000086,S000000076,YAR060C,YAR028W,YAR060C,YAR028W,31561
1,right,S000000086,S000000077,YAR060C,YAR029W,YAR060C,YAR029W,30612
1,right,S000000086,S000000078,YAR060C,YAR031W,YAR060C,PRM9,29425
1,right,S000000086,S000001821,YAR060C,YAR030C,YAR060C,YAR030C,30304
1,right,S000000086,S000000079,YAR060C,YAR033W,YAR060C,MST28,28346
1,right,S000000086,S000000080,YAR060C,YAR035W,YAR060C,YAT1,24901
1,right,S000000086,S000028595,YAR060C,YAR035C-A,YAR060C,YAR035C-A,24740
1,right,S000000086,S000000081,YAR060C,YAR042W,YAR060C,SWH1,20972
1,right,S000000086,S000000083,YAR060C,YAR047C,YAR060C,YAR047C,15370
1,right,S000000086,S000000084,YAR060C,YAR050W,YAR060C,FLO1,9141
1,right,S000000086,S000000085,YAR060C,YAR053W,YAR060C,YAR053W,8494
1,right,S000000086,S000000086,YAR060C,YAR060C,YAR060C,YAR060C,0
1,right,S000000086,S000000089,YAR060C,YAR064W,YAR060C,YAR064W,2706
1,right,S000000086,S000002144,YAR060C,YAR066W,YAR060C,YAR066W,3557
1,right,S000000086,S000000091,YAR060C,YAR068W,YAR060C,YAR068W,4914
1,right,S000000086,S000000092,YAR060C,YAR069C,YAR060C,YAR069C,6519
1,right,S000000086,S000000093,YAR060C,YAR070C,YAR060C,YAR070C,7071
1,right,S000000086,S000000094,YAR060C,YAR071W,YAR060C,PHO11,7968
1,right,S000000086,S000000095,YAR060C,YAR073W,YAR060C,IMD1,10250
1,right,S000000086,S000002145,YAR060C,YAR075W,YAR060C,YAR075W,11352
1,right,S000000089,S000000063,YAR064W,YAR002W,YAR064W,NUP60,66322
1,right,S000000089,S000002129,YAR064W,YAR002C-A,YAR064W,ERP1,65474
1,right,S000000089,S000000064,YAR064W,YAR003W,YAR064W,SWD1,63913
1,right,S000000089,S000000065,YAR064W,YAR007C,YAR064W,RFA1,61579
1,right,S000000089,S000000066,YAR064W,YAR008W,YAR064W,SEN34,60405
1,right,S000000089,S000000069,YAR064W,YAR014C,YAR064W,BUD14,51327
1,right,S000000089,S000000070,YAR064W,YAR015W,YAR064W,ADE1,49903
1,right,S000000089,S000000071,YAR064W,YAR018C,YAR064W,KIN3,48495
1,right,S000000089,S000028735,YAR064W,YAR019W-A,YAR064W,YAR019W-A,44868
1,right,S000000089,S000000072,YAR064W,YAR019C,YAR064W,CDC15,45063
1,right,S000000089,S000000073,YAR064W,YAR020C,YAR064W,PAU7,43175
1,right,S000000089,S000000074,YAR064W,YAR023C,YAR064W,YAR023C,40378
1,right,S000000089,S000000075,YAR064W,YAR027W,YAR064W,UIP3,35721
1,right,S000000089,S000000076,YAR064W,YAR028W,YAR064W,YAR028W,34602
1,right,S000000089,S000000077,YAR064W,YAR029W,YAR064W,YAR029W,33653
1,right,S000000089,S000000078,YAR064W,YAR031W,YAR064W,PRM9,32466
1,right,S000000089,S000001821,YAR064W,YAR030C,YAR064W,YAR030C,33345
1,right,S000000089,S000000079,YAR064W,YAR033W,YAR064W,MST28,31387
1,right,S000000089,S000000080,YAR064W,YAR035W,YAR064W,YAT1,27942
1,right,S000000089,S000028595,YAR064W,YAR035C-A,YAR064W,YAR035C-A,27781
1,right,S000000089,S000000081,YAR064W,YAR042W,YAR064W,SWH1,24013
1,right,S000000089,S000000083,YAR064W,YAR047C,YAR064W,YAR047C,18411
1,right,S000000089,S000000084,YAR064W,YAR050W,YAR064W,FLO1,12182
1,right,S000000089,S000000085,YAR064W,YAR053W,YAR064W,YAR053W,11535
1,right,S000000089,S000000086,YAR064W,YAR060C,YAR064W,YAR060C,2706
1,right,S000000089,S000000089,YAR064W,YAR064W,YAR064W,YAR064W,0
1,right,S000000089,S000002144,YAR064W,YAR066W,YAR064W,YAR066W,552
1,right,S000000089,S000000091,YAR064W,YAR068W,YAR064W,YAR068W,1909
1,right,S000000089,S000000092,YAR064W,YAR069C,YAR064W,YAR069C,3514
1,right,S000000089,S000000093,YAR064W,YAR070C,YAR064W,YAR070C,4066
1,right,S000000089,S000000094,YAR064W,YAR071W,YAR064W,PHO11,4963
1,right,S000000089,S000000095,YAR064W,YAR073W,YAR064W,IMD1,7245
1,right,S000000089,S000002145,YAR064W,YAR075W,YAR064W,YAR075W,8347
1,right,S000002144,S000000063,YAR066W,YAR002W,YAR066W,NUP60,67173
1,right,S000002144,S000002129,YAR066W,YAR002C-A,YAR066W,ERP1,66325
1,right,S000002144,S000000064,YAR066W,YAR003W,YAR066W,SWD1,64764
1,right,S000002144,S000000065,YAR066W,YAR007C,YAR066W,RFA1,62430
1,right,S000002144,S000000066,YAR066W,YAR008W,YAR066W,SEN34,61256
1,right,S000002144,S000000069,YAR066W,YAR014C,YAR066W,BUD14,52178
1,right,S000002144,S000000070,YAR066W,YAR015W,YAR066W,ADE1,50754
1,right,S000002144,S000000071,YAR066W,YAR018C,YAR066W,KIN3,49346
1,right,S000002144,S000028735,YAR066W,YAR019W-A,YAR066W,YAR019W-A,45719
1,right,S000002144,S000000072,YAR066W,YAR019C,YAR066W,CDC15,45914
1,right,S000002144,S000000073,YAR066W,YAR020C,YAR066W,PAU7,44026
1,right,S000002144,S000000074,YAR066W,YAR023C,YAR066W,YAR023C,41229
1,right,S000002144,S000000075,YAR066W,YAR027W,YAR066W,UIP3,36572
1,right,S000002144,S000000076,YAR066W,YAR028W,YAR066W,YAR028W,35453
1,right,S000002144,S000000077,YAR066W,YAR029W,YAR066W,YAR029W,34504
1,right,S000002144,S000000078,YAR066W,YAR031W,YAR066W,PRM9,33317
1,right,S000002144,S000001821,YAR066W,YAR030C,YAR066W,YAR030C,34196
1,right,S000002144,S000000079,YAR066W,YAR033W,YAR066W,MST28,32238
1,right,S000002144,S000000080,YAR066W,YAR035W,YAR066W,YAT1,28793
1,right,S000002144,S000028595,YAR066W,YAR035C-A,YAR066W,YAR035C-A,28632
1,right,S000002144,S000000081,YAR066W,YAR042W,YAR066W,SWH1,24864
1,right,S000002144,S000000083,YAR066W,YAR047C,YAR066W,YAR047C,19262
1,right,S000002144,S000000084,YAR066W,YAR050W,YAR066W,FLO1,13033
1,right,S000002144,S000000085,YAR066W,YAR053W,YAR066W,YAR053W,12386
1,right,S000002144,S000000086,YAR066W,YAR060C,YAR066W,YAR060C,3557
1,right,S000002144,S000000089,YAR066W,YAR064W,YAR066W,YAR064W,552
1,right,S000002144,S000002144,YAR066W,YAR066W,YAR066W,YAR066W,0
1,right,S000002144,S000000091,YAR066W,YAR068W,YAR066W,YAR068W,746
1,right,S000002144,S000000092,YAR066W,YAR069C,YAR066W,YAR069C,2351
1,right,S000002144,S000000093,YAR066W,YAR070C,YAR066W,YAR070C,2903
1,right,S000002144,S000000094,YAR066W,YAR071W,YAR066W,PHO11,3800
1,right,S000002144,S000000095,YAR066W,YAR073W,YAR066W,IMD1,6082
1,right,S000002144,S000002145,YAR066W,YAR075W,YAR066W,YAR075W,7184
1,right,S000000091,S000000063,YAR068W,YAR002W,YAR068W,NUP60,68530
1,right,S000000091,S000002129,YAR068W,YAR002C-A,YAR068W,ERP1,67682
1,right,S000000091,S000000064,YAR068W,YAR003W,YAR068W,SWD1,66121
1,right,S000000091,S000000065,YAR068W,YAR007C,YAR068W,RFA1,63787
1,right,S000000091,S000000066,YAR068W,YAR008W,YAR068W,SEN34,62613
1,right,S000000091,S000000069,YAR068W,YAR014C,YAR068W,BUD14,53535
1,right,S000000091,S000000070,YAR068W,YAR015W,YAR068W,ADE1,52111
1,right,S000000091,S000000071,YAR068W,YAR018C,YAR068W,KIN3,50703
1,right,S000000091,S000028735,YAR068W,YAR019W-A,YAR068W,YAR019W-A,47076
1,right,S000000091,S000000072,YAR068W,YAR019C,YAR068W,CDC15,47271
1,right,S000000091,S000000073,YAR068W,YAR020C,YAR068W,PAU7,45383
1,right,S000000091,S000000074,YAR068W,YAR023C,YAR068W,YAR023C,42586
1,right,S000000091,S000000075,YAR068W,YAR027W,YAR068W,UIP3,37929
1,right,S000000091,S000000076,YAR068W,YAR028W,YAR068W,YAR028W,36810
1,right,S000000091,S000000077,YAR068W,YAR029W,YAR068W,YAR029W,35861
1,right,S000000091,S000000078,YAR068W,YAR031W,YAR068W,PRM9,34674
1,right,S000000091,S000001821,YAR068W,YAR030C,YAR068W,YAR030C,35553
1,right,S000000091,S000000079,YAR068W,YAR033W,YAR068W,MST28,33595
1,right,S000000091,S000000080,YAR068W,YAR035W,YAR068W,YAT1,30150
1,right,S000000091,S000028595,YAR068W,YAR035C-A,YAR068W,YAR035C-A,29989
1,right,S000000091,S000000081,YAR068W,YAR042W,YAR068W,SWH1,26221
1,right,S000000091,S000000083,YAR068W,YAR047C,YAR068W,YAR047C,20619
1,right,S000000091,S000000084,YAR068W,YAR050W,YAR068W,FLO1,14390
1,right,S000000091,S000000085,YAR068W,YAR053W,YAR068W,YAR053W,13743
1,right,S000000091,S000000086,YAR068W,YAR060C,YAR068W,YAR060C,4914
1,right,S000000091,S000000089,YAR068W,YAR064W,YAR068W,YAR064W,1909
1,right,S000000091,S000002144,YAR068W,YAR066W,YAR068W,YAR066W,746
1,right,S000000091,S000000091,YAR068W,YAR068W,YAR068W,YAR068W,0
1,right,S000000091,S000000092,YAR068W,YAR069C,YAR068W,YAR069C,1120
1,right,S000000091,S000000093,YAR068W,YAR070C,YAR068W,YAR070C,1672
1,right,S000000091,S000000094,YAR068W,YAR071W,YAR068W,PHO11,2569
1,right,S000000091,S000000095,YAR068W,YAR073W,YAR068W,IMD1,4851
1,right,S000000091,S000002145,YAR068W,YAR075W,YAR068W,YAR075W,5953
1,right,S000000092,S000000063,YAR069C,YAR002W,YAR069C,NUP60,70135
1,right,S000000092,S000002129,YAR069C,YAR002C-A,YAR069C,ERP1,69287
1,right,S000000092,S000000064,YAR069C,YAR003W,YAR069C,SWD1,67726
1,right,S000000092,S000000065,YAR069C,YAR007C,YAR069C,RFA1,65392
1,right,S000000092,S000000066,YAR069C,YAR008W,YAR069C,SEN34,64218
1,right,S000000092,S000000069,YAR069C,YAR014C,YAR069C,BUD14,55140
1,right,S000000092,S000000070,YAR069C,YAR015W,YAR069C,ADE1,53716
1,right,S000000092,S000000071,YAR069C,YAR018C,YAR069C,KIN3,52308
1,right,S000000092,S000028735,YAR069C,YAR019W-A,YAR069C,YAR019W-A,48681
1,right,S000000092,S000000072,YAR069C,YAR019C,YAR069C,CDC15,48876
1,right,S000000092,S000000073,YAR069C,YAR020C,YAR069C,PAU7,46988
1,right,S000000092,S000000074,YAR069C,YAR023C,YAR069C,YAR023C,44191
1,right,S000000092,S000000075,YAR069C,YAR027W,YAR069C,UIP3,39534
1,right,S000000092,S000000076,YAR069C,YAR028W,YAR069C,YAR028W,38415
1,right,S000000092,S000000077,YAR069C,YAR029W,YAR069C,YAR029W,37466
1,right,S000000092,S000000078,YAR069C,YAR031W,YAR069C,PRM9,36279
1,right,S000000092,S000001821,YAR069C,YAR030C,YAR069C,YAR030C,37158
1,right,S000000092,S000000079,YAR069C,YAR033W,YAR069C,MST28,35200
1,right,S000000092,S000000080,YAR069C,YAR035W,YAR069C,YAT1,31755
1,right,S000000092,S000028595,YAR069C,YAR035C-A,YAR069C,YAR035C-A,31594
1,right,S000000092,S000000081,YAR069C,YAR042W,YAR069C,SWH1,27826
1,right,S000000092,S000000083,YAR069C,YAR047C,YAR069C,YAR047C,22224
1,right,S000000092,S000000084,YAR069C,YAR050W,YAR069C,FLO1,15995
1,right,S000000092,S000000085,YAR069C,YAR053W,YAR069C,YAR053W,15348
1,right,S000000092,S000000086,YAR069C,YAR060C,YAR069C,YAR060C,6519
1,right,S000000092,S000000089,YAR069C,YAR064W,YAR069C,YAR064W,3514
1,right,S000000092,S000002144,YAR069C,YAR066W,YAR069C,YAR066W,2351
1,right,S000000092,S000000091,YAR069C,YAR068W,YAR069C,YAR068W,1120
1,right,S000000092,S000000092,YAR069C,YAR069C,YAR069C,YAR069C,0
1,right,S000000092,S000000093,YAR069C,YAR070C,YAR069C,YAR070C,259
1,right,S000000092,S000000094,YAR069C,YAR071W,YAR069C,PHO11,1156
1,right,S000000092,S000000095,YAR069C,YAR073W,YAR069C,IMD1,3438
1,right,S000000092,S000002145,YAR069C,YAR075W,YAR069C,YAR075W,4540
1,right,S000000093,S000000063,YAR070C,YAR002W,YAR070C,NUP60,70687
1,right,S000000093,S000002129,YAR070C,YAR002C-A,YAR070C,ERP1,69839
1,right,S000000093,S000000064,YAR070C,YAR003W,YAR070C,SWD1,68278
1,right,S000000093,S000000065,YAR070C,YAR007C,YAR070C,RFA1,65944
1,right,S000000093,S000000066,YAR070C,YAR008W,YAR070C,SEN34,64770
1,right,S000000093,S000000069,YAR070C,YAR014C,YAR070C,BUD14,55692
1,right,S000000093,S000000070,YAR070C,YAR015W,YAR070C,ADE1,54268
1,right,S000000093,S000000071,YAR070C,YAR018C,YAR070C,KIN3,52860
1,right,S000000093,S000028735,YAR070C,YAR019W-A,YAR070C,YAR019W-A,49233
1,right,S000000093,S000000072,YAR070C,YAR019C,YAR070C,CDC15,49428
1,right,S000000093,S000000073,YAR070C,YAR020C,YAR070C,PAU7,47540
1,right,S000000093,S000000074,YAR070C,YAR023C,YAR070C,YAR023C,44743
1,right,S000000093,S000000075,YAR070C,YAR027W,YAR070C,UIP3,40086
1,right,S000000093,S000000076,YAR070C,YAR028W,YAR070C,YAR028W,38967
1,right,S000000093,S000000077,YAR070C,YAR029W,YAR070C,YAR029W,38018
1,right,S000000093,S000000078,YAR070C,YAR031W,YAR070C,PRM9,36831
1,right,S000000093,S000001821,YAR070C,YAR030C,YAR070C,YAR030C,37710
1,right,S000000093,S000000079,YAR070C,YAR033W,YAR070C,MST28,35752
1,right,S000000093,S000000080,YAR070C,YAR035W,YAR070C,YAT1,32307
1,right,S000000093,S000028595,YAR070C,YAR035C-A,YAR070C,YAR035C-A,32146
1,right,S000000093,S000000081,YAR070C,YAR042W,YAR070C,SWH1,28378
1,right,S000000093,S000000083,YAR070C,YAR047C,YAR070C,YAR047C,22776
1,right,S000000093,S000000084,YAR070C,YAR050W,YAR070C,FLO1,16547
1,right,S000000093,S000000085,YAR070C,YAR053W,YAR070C,YAR053W,15900
1,right,S000000093,S000000086,YAR070C,YAR060C,YAR070C,YAR060C,7071
1,right,S000000093,S000000089,YAR070C,YAR064W,YAR070C,YAR064W,4066
1,right,S000000093,S000002144,YAR070C,YAR066W,YAR070C,YAR066W,2903
1,right,S000000093,S000000091,YAR070C,YAR068W,YAR070C,YAR068W,1672
1,right,S000000093,S000000092,YAR070C,YAR069C,YAR070C,YAR069C,259
1,right,S000000093,S000000093,YAR070C,YAR070C,YAR070C,YAR070C,0
1,right,S000000093,S000000094,YAR070C,YAR071W,YAR070C,PHO11,598
1,right,S000000093,S000000095,YAR070C,YAR073W,YAR070C,IMD1,2880
1,right,S000000093,S000002145,YAR070C,YAR075W,YAR070C,YAR075W,3982
1,right,S000000094,S000000063,YAR071W,YAR002W,PHO11,NUP60,71584
1,right,S000000094,S000002129,YAR071W,YAR002C-A,PHO11,ERP1,70736
1,right,S000000094,S000000064,YAR071W,YAR003W,PHO11,SWD1,69175
1,right,S000000094,S000000065,YAR071W,YAR007C,PHO11,RFA1,66841
1,right,S000000094,S000000066,YAR071W,YAR008W,PHO11,SEN34,65667
1,right,S000000094,S000000069,YAR071W,YAR014C,PHO11,BUD14,56589
1,right,S000000094,S000000070,YAR071W,YAR015W,PHO11,ADE1,55165
1,right,S000000094,S000000071,YAR071W,YAR018C,PHO11,KIN3,53757
1,right,S000000094,S000028735,YAR071W,YAR019W-A,PHO11,YAR019W-A,50130
1,right,S000000094,S000000072,YAR071W,YAR019C,PHO11,CDC15,50325
1,right,S000000094,S000000073,YAR071W,YAR020C,PHO11,PAU7,48437
1,right,S000000094,S000000074,YAR071W,YAR023C,PHO11,YAR023C,45640
1,right,S000000094,S000000075,YAR071W,YAR027W,PHO11,UIP3,40983
1,right,S000000094,S000000076,YAR071W,YAR028W,PHO11,YAR028W,39864
1,right,S000000094,S000000077,YAR071W,YAR029W,PHO11,YAR029W,38915
1,right,S000000094,S000000078,YAR071W,YAR031W,PHO11,PRM9,37728
1,right,S000000094,S000001821,YAR071W,YAR030C,PHO11,YAR030C,38607
1,right,S000000094,S000000079,YAR071W,YAR033W,PHO11,MST28,36649
1,right,S000000094,S000000080,YAR071W,YAR035W,PHO11,YAT1,33204
1,right,S000000094,S000028595,YAR071W,YAR035C-A,PHO11,YAR035C-A,33043
1,right,S000000094,S000000081,YAR071W,YAR042W,PHO11,SWH1,29275
1,right,S000000094,S000000083,YAR071W,YAR047C,PHO11,YAR047C,23673
1,right,S000000094,S000000084,YAR071W,YAR050W,PHO11,FLO1,17444
1,right,S000000094,S000000085,YAR071W,YAR053W,PHO11,YAR053W,16797
1,right,S000000094,S000000086,YAR071W,YAR060C,PHO11,YAR060C,7968
1,right,S000000094,S000000089,YAR071W,YAR064W,PHO11,YAR064W,4963
1,right,S000000094,S000002144,YAR071W,YAR066W,PHO11,YAR066W,3800
1,right,S000000094,S000000091,YAR071W,YAR068W,PHO11,YAR068W,2569
1,right,S000000094,S000000092,YAR071W,YAR069C,PHO11,YAR069C,1156
1,right,S000000094,S000000093,YAR071W,YAR070C,PHO11,YAR070C,598
1,right,S000000094,S000000094,YAR071W,YAR071W,PHO11,PHO11,0
1,right,S000000094,S000000095,YAR071W,YAR073W,PHO11,IMD1,879
1,right,S000000094,S000002145,YAR071W,YAR075W,PHO11,YAR075W,1981
1,right,S000000095,S000000063,YAR073W,YAR002W,IMD1,NUP60,73866
1,right,S000000095,S000002129,YAR073W,YAR002C-A,IMD1,ERP1,73018
1,right,S000000095,S000000064,YAR073W,YAR003W,IMD1,SWD1,71457
1,right,S000000095,S000000065,YAR073W,YAR007C,IMD1,RFA1,69123
1,right,S000000095,S000000066,YAR073W,YAR008W,IMD1,SEN34,67949
1,right,S000000095,S000000069,YAR073W,YAR014C,IMD1,BUD14,58871
1,right,S000000095,S000000070,YAR073W,YAR015W,IMD1,ADE1,57447
1,right,S000000095,S000000071,YAR073W,YAR018C,IMD1,KIN3,56039
1,right,S000000095,S000028735,YAR073W,YAR019W-A,IMD1,YAR019W-A,52412
1,right,S000000095,S000000072,YAR073W,YAR019C,IMD1,CDC15,52607
1,right,S000000095,S000000073,YAR073W,YAR020C,IMD1,PAU7,50719
1,right,S000000095,S000000074,YAR073W,YAR023C,IMD1,YAR023C,47922
1,right,S000000095,S000000075,YAR073W,YAR027W,IMD1,UIP3,43265
1,right,S000000095,S000000076,YAR073W,YAR028W,IMD1,YAR028W,42146
1,right,S000000095,S000000077,YAR073W,YAR029W,IMD1,YAR029W,41197
1,right,S000000095,S000000078,YAR073W,YAR031W,IMD1,PRM9,40010
1,right,S000000095,S000001821,YAR073W,YAR030C,IMD1,YAR030C,40889
1,right,S000000095,S000000079,YAR073W,YAR033W,IMD1,MST28,38931
1,right,S000000095,S000000080,YAR073W,YAR035W,IMD1,YAT1,35486
1,right,S000000095,S000028595,YAR073W,YAR035C-A,IMD1,YAR035C-A,35325
1,right,S000000095,S000000081,YAR073W,YAR042W,IMD1,SWH1,31557
1,right,S000000095,S000000083,YAR073W,YAR047C,IMD1,YAR047C,25955
1,right,S000000095,S000000084,YAR073W,YAR050W,IMD1,FLO1,19726
1,right,S000000095,S000000085,YAR073W,YAR053W,IMD1,YAR053W,19079
1,right,S000000095,S000000086,YAR073W,YAR060C,IMD1,YAR060C,10250
1,right,S000000095,S000000089,YAR073W,YAR064W,IMD1,YAR064W,7245
1,right,S000000095,S000002144,YAR073W,YAR066W,IMD1,YAR066W,6082
1,right,S000000095,S000000091,YAR073W,YAR068W,IMD1,YAR068W,4851
1,right,S000000095,S000000092,YAR073W,YAR069C,IMD1,YAR069C,3438
1,right,S000000095,S000000093,YAR073W,YAR070C,IMD1,YAR070C,2880
1,right,S000000095,S000000094,YAR073W,YAR071W,IMD1,PHO11,879
1,right,S000000095,S000000095,YAR073W,YAR073W,IMD1,IMD1,0
1,right,S000000095,S000002145,YAR073W,YAR075W,IMD1,YAR075W,0
1,right,S000002145,S000000063,YAR075W,YAR002W,YAR075W,NUP60,74968
1,right,S000002145,S000002129,YAR075W,YAR002C-A,YAR075W,ERP1,74120
1,right,S000002145,S000000064,YAR075W,YAR003W,YAR075W,SWD1,72559
1,right,S000002145,S000000065,YAR075W,YAR007C,YAR075W,RFA1,70225
1,right,S000002145,S000000066,YAR075W,YAR008W,YAR075W,SEN34,69051
1,right,S000002145,S000000069,YAR075W,YAR014C,YAR075W,BUD14,59973
1,right,S000002145,S000000070,YAR075W,YAR015W,YAR075W,ADE1,58549
1,right,S000002145,S000000071,YAR075W,YAR018C,YAR075W,KIN3,57141
1,right,S000002145,S000028735,YAR075W,YAR019W-A,YAR075W,YAR019W-A,53514
1,right,S000002145,S000000072,YAR075W,YAR019C,YAR075W,CDC15,53709
1,right,S000002145,S000000073,YAR075W,YAR020C,YAR075W,PAU7,51821
1,right,S000002145,S000000074,YAR075W,YAR023C,YAR075W,YAR023C,49024
1,right,S000002145,S000000075,YAR075W,YAR027W,YAR075W,UIP3,44367
1,right,S000002145,S000000076,YAR075W,YAR028W,YAR075W,YAR028W,43248
1,right,S000002145,S000000077,YAR075W,YAR029W,YAR075W,YAR029W,42299
1,right,S000002145,S000000078,YAR075W,YAR031W,YAR075W,PRM9,41112
1,right,S000002145,S000001821,YAR075W,YAR030C,YAR075W,YAR030C,41991
1,right,S000002145,S000000079,YAR075W,YAR033W,YAR075W,MST28,40033
1,right,S000002145,S000000080,YAR075W,YAR035W,YAR075W,YAT1,36588
1,right,S000002145,S000028595,YAR075W,YAR035C-A,YAR075W,YAR035C-A,36427
1,right,S000002145,S000000081,YAR075W,YAR042W,YAR075W,SWH1,32659
1,right,S000002145,S000000083,YAR075W,YAR047C,YAR075W,YAR047C,27057
1,right,S000002145,S000000084,YAR075W,YAR050W,YAR075W,FLO1,20828
1,right,S000002145,S000000085,YAR075W,YAR053W,YAR075W,YAR053W,20181
1,right,S000002145,S000000086,YAR075W,YAR060C,YAR075W,YAR060C,11352
1,right,S000002145,S000000089,YAR075W,YAR064W,YAR075W,YAR064W,8347
1,right,S000002145,S000002144,YAR075W,YAR066W,YAR075W,YAR066W,7184
1,right,S000002145,S000000091,YAR075W,YAR068W,YAR075W,YAR068W,5953
1,right,S000002145,S000000092,YAR075W,YAR069C,YAR075W,YAR069C,4540
1,right,S000002145,S000000093,YAR075W,YAR070C,YAR075W,YAR070C,3982
1,right,S000002145,S000000094,YAR075W,YAR071W,YAR075W,PHO11,1981
1,right,S000002145,S000000095,YAR075W,YAR073W,YAR075W,IMD1,0
1,right,S000002145,S000002145,YAR075W,YAR075W,YAR075W,YAR075W,0
